id,ticker,name,category,recorded_at,price_eur
d7247641-3e7f-439e-b111-12551f067df7,AAPL,Apple,Actions,2026-09-24T17:45:45.435023+00:00,296.10427442193
294f6cd5-56d8-4a5f-9189-fd3fe2404a6b,AGG,Obligations US agrégées,Obligations,2026-09-24T17:45:45.435023+00:00,83.6260037101847
d207b50d-b58e-4efc-80de-6bc89d7c08ea,AMZN,Amazon,Actions,2026-09-24T17:45:45.435023+00:00,218.637939206343
53da30a6-c037-410d-a20b-31121e9c5ae8,AUDUSD=X,AUD/USD,Forex,2026-09-24T17:45:45.435023+00:00,0.617009344011002
d6ec7dc3-4580-4318-86e7-b12cce9540dd,BND,Obligations US,Obligations,2026-09-24T17:45:45.435023+00:00,62.0653895738096
f3b0b1d5-f719-4184-b55c-9865668c5fcd,BTC-USD,Bitcoin,Crypto,2026-09-24T17:45:45.435023+00:00,73995.011454762
521de08d-e96b-481d-b299-0c08665855bc,BZ=F,Pétrole Brent,Matières premières,2026-09-24T17:45:45.435023+00:00,93.7509682320442
2d712309-6c3b-40c3-be54-630fa3b6a5f8,CL=F,Pétrole WTI,Matières premières,2026-09-24T17:45:45.435023+00:00,83.5159167887077
42f27828-a20c-4aa8-ae02-3e91b88c89ee,ETH-USD,Ethereum,Crypto,2026-09-24T17:45:45.435023+00:00,2348.56628748044
c32c2178-46cb-4eb5-9b34-f92bdee9ede6,EURUSD=X,EUR/USD,Forex,2026-09-24T17:45:45.435023+00:00,1.00000001848022
c7673a0e-4174-4d5a-8e03-430e2dc2e96a,GBPUSD=X,GBP/USD,Forex,2026-09-24T17:45:45.435023+00:00,1.16203462531206
7d38d668-d159-4dc2-9427-29a51c062313,GC=F,Or,Matières premières,2026-09-24T17:45:45.435023+00:00,3779.4950108832
069e01dd-743e-44de-b884-22d353bf8a4d,GOOGL,Alphabet,Actions,2026-09-24T17:45:45.435023+00:00,300.025944900724
55501e1f-3cbd-4d82-a329-1b6d0d7901a3,HG=F,HG=F,Autres,2026-09-24T17:45:45.435023+00:00,5.95286097160721
b48ccb11-b062-4ecf-a66b-7ce866811419,IEF,Treasury 7-10 ans,Obligations,2026-09-24T17:45:45.435023+00:00,79.0420339429802
916dbfbf-5384-408c-893f-d43196c4e2be,MSFT,Microsoft,Actions,2026-09-24T17:45:45.435023+00:00,435.235922810589
c28e992a-7027-4995-8b0c-dbaf8389f189,NG=F,Gaz naturel,Matières premières,2026-09-24T17:45:45.435023+00:00,2.95356866572266
f4577195-bc2d-437d-8773-f64e8b516e3d,NVDA,Nvidia,Actions,2026-09-24T17:45:45.435023+00:00,196.716996689323
9a4e249e-6997-41f0-93cd-3ee68d7edcbd,SHY,Treasury 1-3 ans,Obligations,2026-09-24T17:45:45.435023+00:00,71.3273222743865
773644cf-afd8-465b-b5d1-5cdef48b6ea2,SI=F,Argent,Matières premières,2026-09-24T17:45:45.435023+00:00,56.1916653169355
1a64fedb-feaf-44b4-8442-382b40441238,SOL-USD,Solana,Crypto,2026-09-24T17:45:45.435023+00:00,102.491205653183
36b78760-3dec-4330-a3ac-113e3be5e292,TLT,Treasury 20+ ans,Obligations,2026-09-24T17:45:45.435023+00:00,70.1505527896843
1410f6ed-5e90-4089-850a-d14973761c45,USDCHF=X,USD/CHF,Forex,2026-09-24T17:45:45.435023+00:00,0.879301768449295
1fd3646c-cf37-46de-8104-c690b21d210b,USDJPY=X,USD/JPY,Forex,2026-09-24T17:45:45.435023+00:00,0.879515738035153
eada3c2a-10dc-4466-83d6-a420020cdff9,XRP-USD,XRP,Crypto,2026-09-24T17:45:45.435023+00:00,1.34286694295506
133e22d7-8fd9-46e4-ab2e-4bff13951f5c,^FCHI,CAC 40,Indices,2026-09-24T17:45:45.435023+00:00,8081.43017578125
cd9725a7-57ac-4b04-835f-29a8a9cfc90b,^GDAXI,DAX,Indices,2026-09-24T17:45:45.435023+00:00,25266.529296875
d7656024-d1fd-4692-bbca-8237e387b136,^GSPC,S&P 500,Indices,2026-09-24T17:45:45.435023+00:00,6764.42869670625
8ef0d5cf-9be0-4f73-b286-02e1c82f7d6d,^IXIC,Nasdaq,Indices,2026-09-24T17:45:45.435023+00:00,23621.082373417
76e03ab4-3835-4829-990d-f5aae53ef413,^N225,Nikkei 225,Indices,2026-09-24T17:45:45.435023+00:00,359.840857372697
8edf3ff1-3f5f-4abf-8436-84ecbd65dc3a,AAPL,Apple,Actions,2026-09-24T20:48:36.787682+00:00,295.139324246109
abb887b3-82e3-44b5-be51-05053a535da8,AGG,Obligations US agrégées,Obligations,2026-09-24T20:48:36.787682+00:00,83.4230674454975
4d9a02d5-685d-4fbe-9237-c681d862e870,AMZN,Amazon,Actions,2026-09-24T20:48:36.787682+00:00,219.105272622997
642e8051-20c4-4512-934b-589e860696df,AUDUSD=X,AUD/USD,Forex,2026-09-24T20:48:36.787682+00:00,0.616129053539531
af4608b9-2721-4485-97e2-48fed518de50,BND,Obligations US,Obligations,2026-09-24T20:48:36.787682+00:00,61.8973674127865
f908dbfa-e570-4a5e-adde-7563162ea93c,BTC-USD,Bitcoin,Crypto,2026-09-24T20:48:36.787682+00:00,74117.9547938816
fbed026c-79c0-4e0c-81bd-f4c69af3fdda,BZ=F,Pétrole Brent,Matières premières,2026-09-24T20:48:36.787682+00:00,94.5197897523994
167f9ddc-ea5b-4698-8fe9-36a77bb3c75e,CL=F,Pétrole WTI,Matières premières,2026-09-24T20:48:36.787682+00:00,83.5900035907707
eec911dc-573c-4197-bf6b-7ea394b112f3,ETH-USD,Ethereum,Crypto,2026-09-24T20:48:36.787682+00:00,2360.56096442702
e158774e-a625-49cb-be80-b9e4022a41a8,EURUSD=X,EUR/USD,Forex,2026-09-24T20:48:36.787682+00:00,1.00000004221768
4b5c53cf-1b10-4b51-b796-6477a9bf557c,GBPUSD=X,GBP/USD,Forex,2026-09-24T20:48:36.787682+00:00,1.16129378063722
cbc71d8d-44c3-4aad-bbce-9e4a7f1e1304,GC=F,Or,Matières premières,2026-09-24T20:48:36.787682+00:00,3780.4399141433
c35d50d4-2f32-4e42-b2ef-9a09e9d87f72,GOOGL,Alphabet,Actions,2026-09-24T20:48:36.787682+00:00,300.797483586983
6634dfb4-e9e9-4450-946b-43470a165b6b,HG=F,HG=F,Autres,2026-09-24T20:48:36.787682+00:00,5.94109328276329
cb79bf29-5a56-49d7-aa9e-c300716f3078,IEF,Treasury 7-10 ans,Obligations,2026-09-24T20:48:36.787682+00:00,78.8016362647686
ba8a9a7d-5031-4d97-8c0d-aad3be0497af,MSFT,Microsoft,Actions,2026-09-24T20:48:36.787682+00:00,437.48129222975
546549c1-e111-49bb-9f32-05cd1e171d9a,NG=F,Gaz naturel,Matières premières,2026-09-24T20:48:36.787682+00:00,2.9169519457798
0df29695-8221-4706-9366-6a3f4cb78619,NVDA,Nvidia,Actions,2026-09-24T20:48:36.787682+00:00,197.315989908611
2c78eada-05be-4779-991c-17dbc2e676ec,SHY,Treasury 1-3 ans,Obligations,2026-09-24T20:48:36.787682+00:00,71.2456708907375
d434cf02-9249-405c-9c5c-d5830ef86b64,SI=F,Argent,Matières premières,2026-09-24T20:48:36.787682+00:00,56.2875112305555
06a511aa-980f-4144-b85a-667763049841,SOL-USD,Solana,Crypto,2026-09-24T20:48:36.787682+00:00,102.681984569185
f4292f59-520f-4fe5-b9d8-15ead84c0dbc,TLT,Treasury 20+ ans,Obligations,2026-09-24T20:48:36.787682+00:00,69.7784104972725
4ffd343a-c7ca-4304-a3ed-2724c05b32b6,USDCHF=X,USD/CHF,Forex,2026-09-24T20:48:36.787682+00:00,0.878361509977822
a39964ad-14af-4459-aa42-b3ac2000cbb8,USDJPY=X,USD/JPY,Forex,2026-09-24T20:48:36.787682+00:00,0.878809526476857
2a639a90-4e2b-4d4c-89ec-33c6aba78e2c,XRP-USD,XRP,Crypto,2026-09-24T20:48:36.787682+00:00,1.34566376070427
7fa95370-3a59-4f4c-aa18-b05548d1d128,^FCHI,CAC 40,Indices,2026-09-24T20:48:36.787682+00:00,8081.43017578125
a439b0ce-0a36-42cd-bbf3-24dffa816061,^GDAXI,DAX,Indices,2026-09-24T20:48:36.787682+00:00,25266.529296875
3fa9511f-c532-48be-9240-714d30497091,^GSPC,S&P 500,Indices,2026-09-24T20:48:36.787682+00:00,6768.84852532519
385d3a03-24d7-4a22-a1af-4874c02f045c,^IXIC,Nasdaq,Indices,2026-09-24T20:48:36.787682+00:00,23668.9331949523
471ca660-359d-41c2-962e-577836b60490,^N225,Nikkei 225,Indices,2026-09-24T20:48:36.787682+00:00,359.619806400464
8e8973b2-2bc5-4f59-994d-78e279daf25e,AAPL,Apple,Actions,2026-09-24T23:42:47.942388+00:00,295.172921821686
57983146-5103-48cc-908e-bb7f49941ced,AGG,Obligations US agrégées,Obligations,2026-09-24T23:42:47.942388+00:00,83.4325640207862
f7f868a5-bab5-4269-8019-a55b44a12161,AMZN,Amazon,Actions,2026-09-24T23:42:47.942388+00:00,219.130214761681
03b5d10d-10f7-467c-99a8-b48f917cecad,AUDUSD=X,AUD/USD,Forex,2026-09-24T23:42:47.942388+00:00,0.616199191405755
1751263e-48ed-41da-a6dd-386b445778b2,BND,Obligations US,Obligations,2026-09-24T23:42:47.942388+00:00,61.9044135815238
e2b3c89b-3095-42e5-a151-5326a54c6f8d,BTC-USD,Bitcoin,Crypto,2026-09-24T23:42:47.942388+00:00,74193.6332552601
c655e7d2-350a-4dfb-b81a-815089847088,BZ=F,Pétrole Brent,Matières premières,2026-09-24T23:42:47.942388+00:00,93.3794479555854
1ce2a23b-e369-4922-8469-9a64210ceaf1,CL=F,Pétrole WTI,Matières premières,2026-09-24T23:42:47.942388+00:00,82.6417393678094
a0136416-465f-4a08-a580-62ae191166bc,ETH-USD,Ethereum,Crypto,2026-09-24T23:42:47.942388+00:00,2364.8454011578
828cd812-60f9-4a6c-82f0-e52ea786550f,EURUSD=X,EUR/USD,Forex,2026-09-24T23:42:47.942388+00:00,1.00000001616024
2728edb0-9199-4dc6-ad46-7ff31c2a0974,GBPUSD=X,GBP/USD,Forex,2026-09-24T23:42:47.942388+00:00,1.16124172420029
1717b1c1-1a87-4c48-a28d-c38e0127ccef,GC=F,Or,Matières premières,2026-09-24T23:42:47.942388+00:00,3785.87902724743
d5b36af5-b622-4171-a80d-9f969fc664ca,GOOGL,Alphabet,Actions,2026-09-24T23:42:47.942388+00:00,300.831725266617
b0d86a80-571a-4990-9892-1d57c4c7c46d,HG=F,HG=F,Autres,2026-09-24T23:42:47.942388+00:00,5.95451086926289
c85a4cd2-713f-46e4-9deb-c48e9132e857,IEF,Treasury 7-10 ans,Obligations,2026-09-24T23:42:47.942388+00:00,78.8106067533226
5483f873-f5d0-4f91-8ea1-34a864d91d9e,MSFT,Microsoft,Actions,2026-09-24T23:42:47.942388+00:00,437.531093491634
485b0186-3e1a-493c-95c4-0c0cb58be0ef,NG=F,Gaz naturel,Matières premières,2026-09-24T23:42:47.942388+00:00,2.87774264251709
e14abda9-ad69-43aa-903d-ca5453085757,NVDA,Nvidia,Actions,2026-09-24T23:42:47.942388+00:00,197.33845163546
80d77ea2-193c-43cd-b24c-892f612de200,SHY,Treasury 1-3 ans,Obligations,2026-09-24T23:42:47.942388+00:00,71.2537812359733
e085c311-a6da-4a55-bd74-5c69b292801d,SI=F,Argent,Matières premières,2026-09-24T23:42:47.942388+00:00,56.3729985776081
26c54324-3a6b-454f-9272-f8bac53e0cdd,SOL-USD,Solana,Crypto,2026-09-24T23:42:47.942388+00:00,102.869410830799
2e8af1b8-8a2c-4644-8ac0-decf6b809684,TLT,Treasury 20+ ans,Obligations,2026-09-24T23:42:47.942388+00:00,69.7863538149795
b2a611a8-d824-4275-9fe5-eea9e6ad0967,USDCHF=X,USD/CHF,Forex,2026-09-24T23:42:47.942388+00:00,0.878484687058744
97d805d8-bd08-41bd-b5fe-ecd516d32327,USDJPY=X,USD/JPY,Forex,2026-09-24T23:42:47.942388+00:00,0.878807598334923
7ba9b458-ef67-4d68-96a2-c51da3abc587,XRP-USD,XRP,Crypto,2026-09-24T23:42:47.942388+00:00,1.35047409576771
470e275e-1b6b-4138-88e6-c3553364af6b,^FCHI,CAC 40,Indices,2026-09-24T23:42:47.942388+00:00,8123.41015625
40e693f5-f1d2-42a7-af52-1e146f864aa9,^GDAXI,DAX,Indices,2026-09-24T23:42:47.942388+00:00,25410.630859375
d125c703-6501-4eac-bb2d-260a5ddb6f7a,^GSPC,S&P 500,Indices,2026-09-24T23:42:47.942388+00:00,6769.61906615528
ff474bd3-cea0-48c6-8438-0d1ee1260857,^IXIC,Nasdaq,Indices,2026-09-24T23:42:47.942388+00:00,23671.6275792872
df519ad6-6e63-4460-afe4-beca427d8e3f,^N225,Nikkei 225,Indices,2026-09-24T23:42:47.942388+00:00,359.788841817253
b00f6fd4-5fa8-4ab2-a49c-d15224d9f5b8,AAPL,Apple,Actions,2026-09-25T01:55:57.075150+00:00,295.240096950447
ceb3f53f-45fd-4f89-8638-01c40c2bca64,AGG,Obligations US agrégées,Obligations,2026-09-25T01:55:57.075150+00:00,83.4515515119028
066583de-a678-44ed-aef6-796d380e0592,AMZN,Amazon,Actions,2026-09-25T01:55:57.075150+00:00,219.180084174841
57272db9-b39b-4204-9ea0-93aeed7bab7b,AUDUSD=X,AUD/USD,Forex,2026-09-25T01:55:57.075150+00:00,0.616425863100662
6d905fd0-7f32-4583-b293-48637f3d54eb,BND,Obligations US,Obligations,2026-09-25T01:55:57.075150+00:00,61.9185017198515
40a353cc-f442-45f7-b4df-c73933fc1108,BTC-USD,Bitcoin,Crypto,2026-09-25T01:55:57.075150+00:00,74266.8638898223
b3606753-abaf-4860-b5db-6d08ed85e8dc,BZ=F,Pétrole Brent,Matières premières,2026-09-25T01:55:57.075150+00:00,92.89972642066
e1eb6dad-fb7f-4c8f-a5eb-1070a0675545,CL=F,Pétrole WTI,Matières premières,2026-09-25T01:55:57.075150+00:00,81.8255878687
7c26e70d-6329-4f47-ab09-1976e24029e3,ETH-USD,Ethereum,Crypto,2026-09-25T01:55:57.075150+00:00,2361.28777878352
ad53e715-09d2-4f46-b1f1-9de5db41a546,EURUSD=X,EUR/USD,Forex,2026-09-25T01:55:57.075150+00:00,1.00000002801295
6453aba9-8948-4ded-87d0-65f1e26055e5,GBPUSD=X,GBP/USD,Forex,2026-09-25T01:55:57.075150+00:00,1.16138320430707
43b995bf-25f4-48d4-8ede-400d64221a78,GC=F,Or,Matières premières,2026-09-25T01:55:57.075150+00:00,3802.91228744449
c69a0b5b-d6c6-4425-8553-e1c47f7e3a3f,GOOGL,Alphabet,Actions,2026-09-25T01:55:57.075150+00:00,300.900188219639
82a2969c-ae1c-4acf-859f-dd96051eaa80,HG=F,HG=F,Autres,2026-09-25T01:55:57.075150+00:00,5.93828758813586
a85b2bed-e479-4bf9-b056-4ce572121304,IEF,Treasury 7-10 ans,Obligations,2026-09-25T01:55:57.075150+00:00,78.82854238449
188e7e21-8497-46c3-b42a-4bfcdba47c5c,MSFT,Microsoft,Actions,2026-09-25T01:55:57.075150+00:00,437.630666336463
c14cbcd5-1cdc-40bb-bce8-1785ba62de22,NG=F,Gaz naturel,Matières premières,2026-09-25T01:55:57.075150+00:00,2.86785068236284
ec1c136b-436e-434f-a646-225e29f74cb9,NVDA,Nvidia,Actions,2026-09-25T01:55:57.075150+00:00,197.383361703146
966f41cc-0c80-4d74-a41e-f7c285b311ec,SHY,Treasury 1-3 ans,Obligations,2026-09-25T01:55:57.075150+00:00,71.2699970931044
2a240b7d-8554-4939-85c3-fb5b65a46baf,SI=F,Argent,Matières premières,2026-09-25T01:55:57.075150+00:00,56.5044812589827
a4a9004f-b744-4d5d-a16b-a81b8b6fe8dd,SOL-USD,Solana,Crypto,2026-09-25T01:55:57.075150+00:00,103.130121785425
b23a4802-c58d-418a-9ba4-a6cb4a601f04,TLT,Treasury 20+ ans,Obligations,2026-09-25T01:55:57.075150+00:00,69.8022357165928
5da9abb1-3f37-43fb-89ec-e6829813c823,USDCHF=X,USD/CHF,Forex,2026-09-25T01:55:57.075150+00:00,0.878664687856315
1df686ae-e3ac-4cbc-bf58-e9f1a42594b0,USDJPY=X,USD/JPY,Forex,2026-09-25T01:55:57.075150+00:00,0.879032047152023
637313f5-3b8f-4431-9dd9-05cdba0d7d70,XRP-USD,XRP,Crypto,2026-09-25T01:55:57.075150+00:00,1.35341804881801
d48df9fa-a35a-478f-8115-2decb4eb1675,^FCHI,CAC 40,Indices,2026-09-25T01:55:57.075150+00:00,8081.43017578125
db6d5e7a-17b3-4d03-a9d8-2ebce422e8c8,^GDAXI,DAX,Indices,2026-09-25T01:55:57.075150+00:00,25266.529296875
73a5fab5-d7d1-4eee-b062-cb4dbf53eef5,^GSPC,S&P 500,Indices,2026-09-25T01:55:57.075150+00:00,6771.15968861355
cd60218f-cb9e-43ed-a79b-c5f8cd78d3d3,^IXIC,Nasdaq,Indices,2026-09-25T01:55:57.075150+00:00,23677.0147422451
34864ca3-e277-41ed-b4c7-dec20ae5144f,^N225,Nikkei 225,Indices,2026-09-25T01:55:57.075150+00:00,367.434518138933
7ff08bc8-f97e-47e1-a4eb-031085f99ee0,AAPL,Apple,Actions,2026-09-25T06:56:33.107356+00:00,294.904181261856
d8abd4a2-74dd-4022-8870-536c3ba1ac6b,AGG,Obligations US agrégées,Obligations,2026-09-25T06:56:33.107356+00:00,83.3566027373981
e70c0472-ac89-4703-a3f8-73d00341af00,AMZN,Amazon,Actions,2026-09-25T06:56:33.107356+00:00,218.930707380627
1da765df-b7bf-4994-b737-eb3addf3a7dc,AUDUSD=X,AUD/USD,Forex,2026-09-25T06:56:33.107356+00:00,0.617066121335782
b5be927b-c2ce-4afe-94e3-bd8c8a6864af,BND,Obligations US,Obligations,2026-09-25T06:56:33.107356+00:00,61.848052629919
ed68210c-bdd4-43b6-b1ea-33fe47095db3,BTC-USD,Bitcoin,Crypto,2026-09-25T06:56:33.107356+00:00,73781.4392304076
c0f06188-a49f-4fef-8f93-0f240b661a60,BZ=F,Pétrole Brent,Matières premières,2026-09-25T06:56:33.107356+00:00,92.6711223197708
2a029b0e-2a5b-42a2-b40b-b754afec7700,CL=F,Pétrole WTI,Matières premières,2026-09-25T06:56:33.107356+00:00,81.6534812834225
fedf5cab-2af0-4cd9-b93b-b85de6ed732e,ETH-USD,Ethereum,Crypto,2026-09-25T06:56:33.107356+00:00,2348.45281232125
f1f7a80a-5722-4d26-96cd-5a3f5a6e6eca,EURUSD=X,EUR/USD,Forex,2026-09-25T06:56:33.107356+00:00,0.999999948599125
3240a20b-4cce-43bb-a149-436f5cdb62de,GBPUSD=X,GBP/USD,Forex,2026-09-25T06:56:33.107356+00:00,1.16130489417074
7a1f13eb-3613-41bf-9932-6db1b1cf0b62,GC=F,Or,Matières premières,2026-09-25T06:56:33.107356+00:00,3786.03164465138
1b6e44cd-ddfb-4530-af2c-e7070c3a0e28,GOOGL,Alphabet,Actions,2026-09-25T06:56:33.107356+00:00,300.557832642036
cdd56975-36f6-437f-bf2b-8f31d666836c,HG=F,HG=F,Autres,2026-09-25T06:56:33.107356+00:00,5.93548206696568
f7a6e308-5193-4078-b537-cca162a020e7,IEF,Treasury 7-10 ans,Obligations,2026-09-25T06:56:33.107356+00:00,78.7388535367718
7d1b0f18-c343-4248-aa9b-1ce409a1cebb,MSFT,Microsoft,Actions,2026-09-25T06:56:33.107356+00:00,437.132742754438
fe316e75-6266-4e6a-9c12-5098a846b572,NG=F,Gaz naturel,Matières premières,2026-09-25T06:56:33.107356+00:00,2.85229717788258
817b1b1f-1c24-4f30-b487-f776d815223e,NVDA,Nvidia,Actions,2026-09-25T06:56:33.107356+00:00,197.158784592693
66eeed4a-4d7b-4b5b-a40e-33b1733eb2f2,SHY,Treasury 1-3 ans,Obligations,2026-09-25T06:56:33.107356+00:00,71.188908140768
e13734e8-6e75-4d47-a204-ad4edde37e77,SI=F,Argent,Matières premières,2026-09-25T06:56:33.107356+00:00,56.4006881930609
96665b39-3556-468a-84b3-415dd60c8127,SOL-USD,Solana,Crypto,2026-09-25T06:56:33.107356+00:00,102.064656385418
365bc81f-14de-40b8-93c0-e0941b60dd19,TLT,Treasury 20+ ans,Obligations,2026-09-25T06:56:33.107356+00:00,69.7228167409248
164dadcc-5040-4fbf-8790-668087de4170,USDCHF=X,USD/CHF,Forex,2026-09-25T06:56:33.107356+00:00,0.877604143283833
ac34c9d9-83fa-4b97-90ea-d7b4de83a5e3,USDJPY=X,USD/JPY,Forex,2026-09-25T06:56:33.107356+00:00,0.877962763430318
f8cf4e89-31c6-47e1-8cd6-ab4ae17f6422,XRP-USD,XRP,Crypto,2026-09-25T06:56:33.107356+00:00,1.34424053176024
c3dbb273-78e2-407e-9492-557d7c34d80a,^FCHI,CAC 40,Indices,2026-09-25T06:56:33.107356+00:00,8081.43017578125
b53febbc-fb7d-49e9-8561-2df060fe73db,^GDAXI,DAX,Indices,2026-09-25T06:56:33.107356+00:00,25266.529296875
f9bbeab0-86fb-4369-8a1d-c134ab4de4f0,^GSPC,S&P 500,Indices,2026-09-25T06:56:33.107356+00:00,6763.45565791836
aea5d6cf-9693-4341-905a-ac618e9b7535,^IXIC,Nasdaq,Indices,2026-09-25T06:56:33.107356+00:00,23650.0722867351
4f39fa76-0e97-4489-a0f8-42d01f29202e,^N225,Nikkei 225,Indices,2026-09-25T06:56:33.107356+00:00,368.819078220033
08117f6c-10a0-4e61-a50d-de0e93105294,AAPL,Apple,Actions,2026-09-25T12:31:16.989912+00:00,294.43389529335
4a395cdc-e61b-43eb-bd92-827245e8571d,AGG,Obligations US agrégées,Obligations,2026-09-25T12:31:16.989912+00:00,83.2236733211994
566fdab1-17a2-4e9d-b873-c4b90be01c58,AMZN,Amazon,Actions,2026-09-25T12:31:16.989912+00:00,218.581576895886
1e969d56-06cf-444b-95ab-514f43323171,AUDUSD=X,AUD/USD,Forex,2026-09-25T12:31:16.989912+00:00,0.616515440839258
6a6fb08c-5d7a-493b-9d0b-1a4defc80c07,BND,Obligations US,Obligations,2026-09-25T12:31:16.989912+00:00,61.7494230641842
aeb05c17-1050-4f60-994e-f85b1b05d834,BTC-USD,Bitcoin,Crypto,2026-09-25T12:31:16.989912+00:00,74056.6979215061
afce3537-e974-405c-b380-8b4be42facf7,BZ=F,Pétrole Brent,Matières premières,2026-09-25T12:31:16.989912+00:00,86.5894368388081
ca031cd5-e721-466c-8e56-5cf8c0b9a9b7,CL=F,Pétrole WTI,Matières premières,2026-09-25T12:31:16.989912+00:00,81.3654975787449
b67b7f88-2930-4f81-910d-8757acd620f2,ETH-USD,Ethereum,Crypto,2026-09-25T12:31:16.989912+00:00,2380.74928569622
4d74de71-7c9d-468b-b4e0-3fde7131a0c1,EURUSD=X,EUR/USD,Forex,2026-09-25T12:31:16.989912+00:00,1.00000002520076
3acae28e-eb9d-406f-a7ae-81446598ae73,GBPUSD=X,GBP/USD,Forex,2026-09-25T12:31:16.989912+00:00,1.16186586930162
b222f146-2c78-43dd-8fac-f3c96f624acc,GC=F,Or,Matières premières,2026-09-25T12:31:16.989912+00:00,3804.3605599369
2b51d03a-ad0d-4d5a-89a2-9fbe54d6a4cd,GOOGL,Alphabet,Actions,2026-09-25T12:31:16.989912+00:00,300.078530752144
e678852f-7dfb-4694-99e2-d189a8415404,HG=F,HG=F,Autres,2026-09-25T12:31:16.989912+00:00,5.92689314449501
578d776f-b56f-4aaf-adf2-2e97514a1efd,IEF,Treasury 7-10 ans,Obligations,2026-09-25T12:31:16.989912+00:00,78.6132880807781
8eef2e6f-4cf6-4ece-ba2c-4688d76864dc,MSFT,Microsoft,Actions,2026-09-25T12:31:16.989912+00:00,436.435643803816
d028cea6-5c70-4c7d-a003-49b42a5eeb5f,NG=F,Gaz naturel,Matières premières,2026-09-25T12:31:16.989912+00:00,2.8538840709362
274f6a25-fee2-42bb-9807-5b5fa9e51907,NVDA,Nvidia,Actions,2026-09-25T12:31:16.989912+00:00,196.844373960857
689f5038-0103-49ff-863e-3948031efcec,SHY,Treasury 1-3 ans,Obligations,2026-09-25T12:31:16.989912+00:00,71.075382640829
f65677c9-18dc-4f35-83ff-0c84ba6898fe,SI=F,Argent,Matières premières,2026-09-25T12:31:16.989912+00:00,57.1258908585787
db2af139-22a0-4ad3-b0da-c728c274b2ce,SOL-USD,Solana,Crypto,2026-09-25T12:31:16.989912+00:00,105.653312066975
5e8cbbc5-3a0e-4681-a478-35cf3604cd4a,TLT,Treasury 20+ ans,Obligations,2026-09-25T12:31:16.989912+00:00,69.6116292282295
5ad663ff-13f6-46ff-abc2-54ebe490948d,USDCHF=X,USD/CHF,Forex,2026-09-25T12:31:16.989912+00:00,0.876686394747352
f674382a-91ac-4d36-be86-66569884c901,USDJPY=X,USD/JPY,Forex,2026-09-25T12:31:16.989912+00:00,0.876863942733962
c49f2a5d-ab78-402c-ac34-1c76f0ea78d9,XRP-USD,XRP,Crypto,2026-09-25T12:31:16.989912+00:00,1.41949180293274
dc5e8178-2aa1-48f2-8f0f-c5b6f49257e9,^FCHI,CAC 40,Indices,2026-09-25T12:31:16.989912+00:00,8089.89013671875
ec25a710-302c-4279-8e5f-594e67dc22fd,^GDAXI,DAX,Indices,2026-09-25T12:31:16.989912+00:00,25424.0390625
56b4c6a6-09c2-4e85-885e-91b9f9c3d61b,^GSPC,S&P 500,Indices,2026-09-25T12:31:16.989912+00:00,6752.6699231047
096ec46d-2831-4810-b6c0-85ba8ce43480,^IXIC,Nasdaq,Indices,2026-09-25T12:31:16.989912+00:00,23612.357334363
44ed2121-70bc-4bb3-8014-26cef74ea637,^N225,Nikkei 225,Indices,2026-09-25T12:31:16.989912+00:00,369.011512697121
29d08794-c3c4-4154-b57d-b29e15f9e13c,AAPL,Apple,Actions,2026-09-25T17:33:07.204813+00:00,298.43842631657
8f1a3075-2cd4-409e-abca-96151bc66bdc,AGG,Obligations US agrégées,Obligations,2026-09-25T17:33:07.204813+00:00,83.3017917418556
dd213ddd-4b18-4c5b-8be5-21edfa677d1d,AMZN,Amazon,Actions,2026-09-25T17:33:07.204813+00:00,219.44388623137
5d84d91b-f911-4401-abb6-9862593b9f92,AUDUSD=X,AUD/USD,Forex,2026-09-25T17:33:07.204813+00:00,0.616941989969746
76750ab0-031a-4f52-a01d-6677c78565b1,BND,Obligations US,Obligations,2026-09-25T17:33:07.204813+00:00,61.8400817874226
160502a3-212c-4e9c-8658-c6b2f3235399,BTC-USD,Bitcoin,Crypto,2026-09-25T17:33:07.204813+00:00,73527.1118155215
7130bbb7-e1f3-44d9-8a39-69c4d4121548,BZ=F,Pétrole Brent,Matières premières,2026-09-25T17:33:07.204813+00:00,85.0306648411379
16ef776d-479c-4bbe-b954-bf71f6c3d603,CL=F,Pétrole WTI,Matières premières,2026-09-25T17:33:07.204813+00:00,80.914718631916
9502b080-c81b-41f7-8868-049080654210,ETH-USD,Ethereum,Crypto,2026-09-25T17:33:07.204813+00:00,2355.23268442405
0f106946-13d2-43a4-bb8f-f611d909fe97,EURUSD=X,EUR/USD,Forex,2026-09-25T17:33:07.204813+00:00,1.00000002248585
636acbbf-cdbc-4cdb-b093-8db7c73204ce,GBPUSD=X,GBP/USD,Forex,2026-09-25T17:33:07.204813+00:00,1.16235325482805
e9f1a520-349c-4a6f-94b3-66d678211f9c,GC=F,Or,Matières premières,2026-09-25T17:33:07.204813+00:00,3796.40981576682
d5194ad5-6715-4abe-821a-f88f52999c3c,GOOGL,Alphabet,Actions,2026-09-25T17:33:07.204813+00:00,302.184001108662
d85b06e9-ad80-4cdf-8a63-4253b2d2040c,HG=F,HG=F,Autres,2026-09-25T17:33:07.204813+00:00,5.94398468868036
f58b7ef8-479e-45f1-8001-48fc8833d41d,IEF,Treasury 7-10 ans,Obligations,2026-09-25T17:33:07.204813+00:00,78.7514378107562
90ce3d0e-97aa-4fee-877d-0c66e197fba6,MSFT,Microsoft,Actions,2026-09-25T17:33:07.204813+00:00,452.828430476548
5851406c-5fe4-4e8d-86f2-3d5ffec2280c,NG=F,Gaz naturel,Matières premières,2026-09-25T17:33:07.204813+00:00,2.81270797858667
08d4843b-7871-41d2-bc79-9cf84e5bbbaf,NVDA,Nvidia,Actions,2026-09-25T17:33:07.204813+00:00,197.460003197193
b21bf81e-fde7-4305-8250-96ced7990131,SHY,Treasury 1-3 ans,Obligations,2026-09-25T17:33:07.204813+00:00,71.230405956801
4b718831-a1bf-49a0-84c5-a1408b468626,SI=F,Argent,Matières premières,2026-09-25T17:33:07.204813+00:00,56.8509278492184
4e17ec46-d821-4f02-97d5-2ff27f7e2272,SOL-USD,Solana,Crypto,2026-09-25T17:33:07.204813+00:00,106.110620931968
d313776d-34ca-49ae-b18d-455838a353f1,TLT,Treasury 20+ ans,Obligations,2026-09-25T17:33:07.204813+00:00,69.3742838015032
9cc95f0c-4254-482f-aa24-07252e34ba6d,USDCHF=X,USD/CHF,Forex,2026-09-25T17:33:07.204813+00:00,0.877346460809605
4ea0a0ba-7458-42fa-8786-212dd31786d9,USDJPY=X,USD/JPY,Forex,2026-09-25T17:33:07.204813+00:00,0.877669577119676
c4524f42-f6bf-4321-9b01-f9bf8158c598,XRP-USD,XRP,Crypto,2026-09-25T17:33:07.204813+00:00,1.36940707020756
6a3592be-47e6-46c2-815d-d7ac7f0a6657,^FCHI,CAC 40,Indices,2026-09-25T17:33:07.204813+00:00,8077.7998046875
011fe41f-9593-4994-a119-d31c3e55ef3b,^GDAXI,DAX,Indices,2026-09-25T17:33:07.204813+00:00,25408.640625
338bdf21-62d8-4032-8fee-4d1f3ace047a,^GSPC,S&P 500,Indices,2026-09-25T17:33:07.204813+00:00,6793.37872601129
23786a2b-92c1-4a94-8823-bcb0e2768e60,^IXIC,Nasdaq,Indices,2026-09-25T17:33:07.204813+00:00,23769.1193301725
c86be227-b9f3-41b2-8f2c-09fdad09cc1f,^N225,Nikkei 225,Indices,2026-09-25T17:33:07.204813+00:00,365.587708777353
7d608aca-868d-4dce-9351-4ba856941bac,AAPL,Apple,Actions,2026-09-25T20:45:50.225859+00:00,299.254817953402
e16cce82-fc06-4774-a021-25d87062185e,AGG,Obligations US agrégées,Obligations,2026-09-25T20:45:50.225859+00:00,83.4582886046524
055f1f0e-0934-4ed3-81eb-64f81dd89b73,AMZN,Amazon,Actions,2026-09-25T20:45:50.225859+00:00,219.060451655166
32f7abb6-5323-4291-8ce2-cffacdde0bf5,AUDUSD=X,AUD/USD,Forex,2026-09-25T20:45:50.225859+00:00,0.616758014797238
edc87eae-7f52-43a6-b996-014f19078221,BND,Obligations US,Obligations,2026-09-25T20:45:50.225859+00:00,61.9707582497244
8144086c-016c-45d1-b8c4-7df5bce0d27a,BTC-USD,Bitcoin,Crypto,2026-09-25T20:45:50.225859+00:00,73775.6427386114
e27c232f-427f-4f1b-aa26-3b197c36db03,BZ=F,Pétrole Brent,Matières premières,2026-09-25T20:45:50.225859+00:00,85.7132062881174
d94e252e-2f55-4fb1-8a3b-09201915486a,CL=F,Pétrole WTI,Matières premières,2026-09-25T20:45:50.225859+00:00,81.4051691681652
222a0d53-1c68-425e-97b5-fcd6964e2819,ETH-USD,Ethereum,Crypto,2026-09-25T20:45:50.225859+00:00,2361.08334892988
84d161b7-22a9-447d-a6e5-fcb6f93865a0,EURUSD=X,EUR/USD,Forex,2026-09-25T20:45:50.225859+00:00,0.999885993525446
9cbd196f-7771-44b2-b3a6-74f1eb725c9e,GBPUSD=X,GBP/USD,Forex,2026-09-25T20:45:50.225859+00:00,1.1622577598946
699242f4-fe5b-4178-8ed2-03d53424cdff,GC=F,Or,Matières premières,2026-09-25T20:45:50.225859+00:00,3791.68401798606
c1ec3c54-3d55-4574-875d-c826a3f1e2be,GOOGL,Alphabet,Actions,2026-09-25T20:45:50.225859+00:00,301.755413254539
0245696a-194a-48e2-be24-a70db0224408,HG=F,HG=F,Autres,2026-09-25T20:45:50.225859+00:00,5.9439460777163
a37f94f8-8818-4a82-990b-e75ad40bd6af,IEF,Treasury 7-10 ans,Obligations,2026-09-25T20:45:50.225859+00:00,78.9659982919693
cad58b59-eed8-4a23-a268-049229eb72c5,MSFT,Microsoft,Actions,2026-09-25T20:45:50.225859+00:00,452.887533209436
9d130f95-8e52-4976-9b3c-e6ae3e9fa8ab,NG=F,Gaz naturel,Matières premières,2026-09-25T20:45:50.225859+00:00,2.84453082884235
33faef8d-b667-4841-b1cf-1b498e6ca167,NVDA,Nvidia,Actions,2026-09-25T20:45:50.225859+00:00,197.476420154864
91c7d338-a4dc-4826-a4c6-5869ffd68af3,SHY,Treasury 1-3 ans,Obligations,2026-09-25T20:45:50.225859+00:00,71.2536516555033
46f32685-ac67-43d3-ae52-8731916d717e,SI=F,Argent,Matières premières,2026-09-25T20:45:50.225859+00:00,56.7765519686423
5c2cff71-3ab5-4cdf-97f9-2574ba503789,SOL-USD,Solana,Crypto,2026-09-25T20:45:50.225859+00:00,107.463952620933
fc716879-9e98-4f65-a00e-7b54ab77defe,TLT,Treasury 20+ ans,Obligations,2026-09-25T20:45:50.225859+00:00,69.5953662268944
5f75ac1f-fa14-4bff-80cd-fcd738f0f02b,USDCHF=X,USD/CHF,Forex,2026-09-25T20:45:50.225859+00:00,0.877279307530472
dbb3dc5d-e775-47cf-8751-36120605c68c,USDJPY=X,USD/JPY,Forex,2026-09-25T20:45:50.225859+00:00,0.877537612493782
9fea76f0-7c31-438e-8d70-f5b5aa5b4678,XRP-USD,XRP,Crypto,2026-09-25T20:45:50.225859+00:00,1.37681608435909
851e1d20-1922-4419-8591-3f063a8295ed,^FCHI,CAC 40,Indices,2026-09-25T20:45:50.225859+00:00,8077.7998046875
67622256-5465-48ab-8992-9575dd91ebbe,^GDAXI,DAX,Indices,2026-09-25T20:45:50.225859+00:00,25408.640625
0fbc14ba-02e2-4d29-8baf-d59b6420d5da,^GSPC,S&P 500,Indices,2026-09-25T20:45:50.225859+00:00,6794.06792413839
d1fb3c0c-bf0d-4062-8587-5d72bf638c8a,^IXIC,Nasdaq,Indices,2026-09-25T20:45:50.225859+00:00,23750.0916038648
5569d420-3213-4643-8a1f-48fcfbed75d0,^N225,Nikkei 225,Indices,2026-09-25T20:45:50.225859+00:00,365.574590626262
b66a6014-ddd8-4fcc-b64d-251a8a7d95e7,AAPL,Apple,Actions,2026-09-25T23:36:58.092611+00:00,299.391248265747
9d85c59c-0b4f-44ce-8a8f-cafce938bee0,AGG,Obligations US agrégées,Obligations,2026-09-25T23:36:58.092611+00:00,83.4963372498169
726f7f61-e723-471f-89c3-4eec3bfe6120,AMZN,Amazon,Actions,2026-09-25T23:36:58.092611+00:00,219.160321344971
2111a552-43a7-42a0-98b7-cff3983e9ee5,AUDUSD=X,AUD/USD,Forex,2026-09-25T23:36:58.092611+00:00,0.616735733312908
b9b11c68-27e6-440a-be08-c4d6dd49ae4f,BND,Obligations US,Obligations,2026-09-25T23:36:58.092611+00:00,61.9990107268677
cc63c484-a2ab-4fb7-b214-847db5ea298b,BTC-USD,Bitcoin,Crypto,2026-09-25T23:36:58.092611+00:00,73794.3476065993
e78b415f-160c-4119-a13a-8cb4e3dd4d83,BZ=F,Pétrole Brent,Matières premières,2026-09-25T23:36:58.092611+00:00,85.5591658817139
7bb8b963-caeb-495a-9e5e-a24b81cfe645,CL=F,Pétrole WTI,Matières premières,2026-09-25T23:36:58.092611+00:00,81.1438330146484
007e2a54-84be-4056-bb4b-c60e95e1a7ca,ETH-USD,Ethereum,Crypto,2026-09-25T23:36:58.092611+00:00,2363.64319769666
9197779b-abd5-4a13-b5ab-72cb3e283b6c,EURUSD=X,EUR/USD,Forex,2026-09-25T23:36:58.092611+00:00,0.999999976556865
c53c2763-b326-474b-88e7-39a7cca77718,GBPUSD=X,GBP/USD,Forex,2026-09-25T23:36:58.092611+00:00,1.16277214636284
02ecf940-7486-4d4b-bfb0-6531752c353a,GC=F,Or,Matières premières,2026-09-25T23:36:58.092611+00:00,3792.53484725952
e776f049-548d-4100-b667-5bf09beaf317,GOOGL,Alphabet,Actions,2026-09-25T23:36:58.092611+00:00,301.892983588623
b42f8baa-e733-47a5-9e9a-a790fa025e24,HG=F,HG=F,Autres,2026-09-25T23:36:58.092611+00:00,5.95060594647293
91d6653a-8e16-43ae-b217-9dcdeafa99ad,IEF,Treasury 7-10 ans,Obligations,2026-09-25T23:36:58.092611+00:00,79.0019989013672
2b3728e8-4527-4baf-a36d-f81928660db5,MSFT,Microsoft,Actions,2026-09-25T23:36:58.092611+00:00,453.094004697632
6e99e431-f6ce-40a6-b9ea-c73a0e563121,NG=F,Gaz naturel,Matières premières,2026-09-25T23:36:58.092611+00:00,2.85372769669266
7e3637f0-f47e-43ca-98c2-db72f487c53e,NVDA,Nvidia,Actions,2026-09-25T23:36:58.092611+00:00,197.566449681763
c827aed3-8c15-4b06-bc98-65294be8efd8,SHY,Treasury 1-3 ans,Obligations,2026-09-25T23:36:58.092611+00:00,71.2861362050171
ef98a90f-e2da-479b-a19c-94b09db3a402,SI=F,Argent,Matières premières,2026-09-25T23:36:58.092611+00:00,56.8024364064331
f7e43012-d744-46a6-8494-236b6cbb673a,SOL-USD,Solana,Crypto,2026-09-25T23:36:58.092611+00:00,107.04770583252
0d8d808f-cf4e-41f9-a797-d1784f27bd5d,TLT,Treasury 20+ ans,Obligations,2026-09-25T23:36:58.092611+00:00,69.627094763855
8d25e905-9a3a-4487-81bd-57a9b18e8fb5,USDCHF=X,USD/CHF,Forex,2026-09-25T23:36:58.092611+00:00,0.877335399320259
a6274357-643b-42e9-b7a8-04e875d962f7,USDJPY=X,USD/JPY,Forex,2026-09-25T23:36:58.092611+00:00,0.877469551114899
65b2adf7-266b-4a45-9a11-f0b6b0d314f1,XRP-USD,XRP,Crypto,2026-09-25T23:36:58.092611+00:00,1.37700480217518
12f1aff5-0698-4a92-9c2e-1f3e6542ef7d,^FCHI,CAC 40,Indices,2026-09-25T23:36:58.092611+00:00,8081.43017578125
a631c73d-1c63-46e5-afe0-6988e28080c7,^GDAXI,DAX,Indices,2026-09-25T23:36:58.092611+00:00,25266.529296875
b2a86712-8b91-4084-94cb-66bb55434a76,^GSPC,S&P 500,Indices,2026-09-25T23:36:58.092611+00:00,6797.1653406322
1f450281-b7aa-4583-95c2-94b225af2113,^IXIC,Nasdaq,Indices,2026-09-25T23:36:58.092611+00:00,23760.9192738682
c2a43b02-2ff5-4742-a16b-27e6725f2598,^N225,Nikkei 225,Indices,2026-09-25T23:36:58.092611+00:00,365.725296827173
541f4c77-3c9b-4338-987e-88aba3daf62b,AAPL,Apple,Actions,2026-09-26T01:59:37.563839+00:00,299.391248265747
9accc63d-5eeb-4178-9211-e05d88c25744,AGG,Obligations US agrégées,Obligations,2026-09-26T01:59:37.563839+00:00,83.4963372498169
27e7949b-3fcc-4881-893b-d7db90ef7b97,AMZN,Amazon,Actions,2026-09-26T01:59:37.563839+00:00,219.160321344971
b70f36c1-119a-4991-98f8-c14573722862,AUDUSD=X,AUD/USD,Forex,2026-09-26T01:59:37.563839+00:00,0.616735733312908
de31f753-aed6-49cc-859c-0afa69c6a16b,BND,Obligations US,Obligations,2026-09-26T01:59:37.563839+00:00,61.9990107268677
e9bd6a02-b2ce-4573-a31b-41c11eec4df9,BTC-USD,Bitcoin,Crypto,2026-09-26T01:59:37.563839+00:00,73799.1275018454
26b2ea08-30d9-446d-9781-8f7ce9c3e109,BZ=F,Pétrole Brent,Matières premières,2026-09-26T01:59:37.563839+00:00,85.5591658817139
f27e5dd3-0cb3-4b8a-ad95-bf202f13feee,CL=F,Pétrole WTI,Matières premières,2026-09-26T01:59:37.563839+00:00,81.1438330146484
e8826402-95c0-4c3f-9546-f87c064c6a0b,ETH-USD,Ethereum,Crypto,2026-09-26T01:59:37.563839+00:00,2363.23065741919
c662c588-ce79-4feb-9391-b743c4cf10cb,EURUSD=X,EUR/USD,Forex,2026-09-26T01:59:37.563839+00:00,0.999999976556865
5218c8e0-ec57-4af1-89bc-3f191e718861,GBPUSD=X,GBP/USD,Forex,2026-09-26T01:59:37.563839+00:00,1.16277214636284
4a2a605b-23a9-41e5-aed4-e7e46cc9dac4,GC=F,Or,Matières premières,2026-09-26T01:59:37.563839+00:00,3792.53484725952
932a78bc-5e9c-425e-b25f-020c6fa71922,GOOGL,Alphabet,Actions,2026-09-26T01:59:37.563839+00:00,301.892983588623
8d9d8777-064d-4b40-b98d-2ce6ce9efd84,HG=F,HG=F,Autres,2026-09-26T01:59:37.563839+00:00,5.95060594647293
24b4de39-2055-4278-9dfe-22b9c7772667,IEF,Treasury 7-10 ans,Obligations,2026-09-26T01:59:37.563839+00:00,79.0019989013672
4f275c73-5374-4011-bcf8-e222a5bc1d2b,MSFT,Microsoft,Actions,2026-09-26T01:59:37.563839+00:00,453.094004697632
98a637d5-a0d6-410c-af16-c587536b3a96,NG=F,Gaz naturel,Matières premières,2026-09-26T01:59:37.563839+00:00,2.85372769669266
31866e4e-2dd2-4838-8785-02346284cfaf,NVDA,Nvidia,Actions,2026-09-26T01:59:37.563839+00:00,197.566449681763
c95ce4ab-990c-42e5-aaba-eff2ea0e34ce,SHY,Treasury 1-3 ans,Obligations,2026-09-26T01:59:37.563839+00:00,71.2861362050171
4b4e6ecb-a68b-4075-839c-c3d7a1b45e30,SI=F,Argent,Matières premières,2026-09-26T01:59:37.563839+00:00,56.8024364064331
a41a3157-82cd-4ff3-baf7-9d4c9c5179f7,SOL-USD,Solana,Crypto,2026-09-26T01:59:37.563839+00:00,107.153044242004
927c3b4a-65aa-4ca2-8ce2-2e480f37305d,TLT,Treasury 20+ ans,Obligations,2026-09-26T01:59:37.563839+00:00,69.627094763855
64932f3d-999d-407f-bf72-eaa60bc3c206,USDCHF=X,USD/CHF,Forex,2026-09-26T01:59:37.563839+00:00,0.877335399320259
301a6907-e2f7-4abc-b58d-07bdb49bbcbb,USDJPY=X,USD/JPY,Forex,2026-09-26T01:59:37.563839+00:00,0.877469551114899
101a5bb8-bbcc-4486-b5d4-59d4a01c9d11,XRP-USD,XRP,Crypto,2026-09-26T01:59:37.563839+00:00,1.3834127589962
772297ab-c341-4f6d-b029-ba39ceca9145,^FCHI,CAC 40,Indices,2026-09-26T01:59:37.563839+00:00,8077.7998046875
250c8b0e-aa67-400e-83e3-4bf3461be024,^GDAXI,DAX,Indices,2026-09-26T01:59:37.563839+00:00,25408.640625
d90c0e42-deea-475e-8365-d81ae12d1828,^GSPC,S&P 500,Indices,2026-09-26T01:59:37.563839+00:00,6797.1653406322
28b7663c-d55c-40a0-949f-1c4949a4e748,^IXIC,Nasdaq,Indices,2026-09-26T01:59:37.563839+00:00,23760.9192738682
1c5d7725-4f7f-4330-aa3a-62c7fc121679,^N225,Nikkei 225,Indices,2026-09-26T01:59:37.563839+00:00,370.471536283127
e1859abe-a888-44be-895f-2f340613f94b,AAPL,Apple,Actions,2026-09-26T07:16:35.619361+00:00,299.186612961908
e0c43d9b-2588-43a1-b6bd-0dbb70b87f69,AGG,Obligations US agrégées,Obligations,2026-09-26T07:16:35.619361+00:00,83.4392671168671
b9df55c6-5932-486a-94b8-35ab5f245be3,AMZN,Amazon,Actions,2026-09-26T07:16:35.619361+00:00,219.010524251009
6acadf43-939d-4a34-ab53-9c51d8ddc10a,AUDUSD=X,AUD/USD,Forex,2026-09-26T07:16:35.619361+00:00,0.616314191584799
caadf597-af8c-4e00-a725-1ec3f5bb8679,BND,Obligations US,Obligations,2026-09-26T07:16:35.619361+00:00,61.9566341160908
f61027d2-5c6c-4cce-bd1e-fe0f3d5bd968,BTC-USD,Bitcoin,Crypto,2026-09-26T07:16:35.619361+00:00,73663.521671542
b1d8749b-d3e5-4d5c-9852-549738e47fe7,BZ=F,Pétrole Brent,Matières premières,2026-09-26T07:16:35.619361+00:00,91.5095045083008
418b3762-e7ff-4035-adaa-ed69e89fecad,CL=F,Pétrole WTI,Matières premières,2026-09-26T07:16:35.619361+00:00,81.0620558998089
8bdbace6-e660-4ffa-ac6d-eeeea97ca3cf,ETH-USD,Ethereum,Crypto,2026-09-26T07:16:35.619361+00:00,2359.38725604277
e433186b-e8f4-4084-b4d9-f8398aa07d3d,EURUSD=X,EUR/USD,Forex,2026-09-26T07:16:35.619361+00:00,1.00000004858201
b9c315ba-4750-4af8-92ec-a55fe535c558,GBPUSD=X,GBP/USD,Forex,2026-09-26T07:16:35.619361+00:00,1.16197738621923
10e6ac49-dfc6-4952-9245-0f120b1f85ce,GC=F,Or,Matières premières,2026-09-26T07:16:35.619361+00:00,3790.55684347206
e507e0b4-a57b-4b31-b60f-af6298222059,GOOGL,Alphabet,Actions,2026-09-26T07:16:35.619361+00:00,301.686638337113
3e63fcb3-cf2a-4196-81d8-e37077fabd06,HG=F,HG=F,Autres,2026-09-26T07:16:35.619361+00:00,5.87329255945673
e8a01a63-e457-4be6-b147-5c9a5857a690,IEF,Treasury 7-10 ans,Obligations,2026-09-26T07:16:35.619361+00:00,78.9480006694794
a86960da-5128-425f-aeaa-6540c1ef992c,MSFT,Microsoft,Actions,2026-09-26T07:16:35.619361+00:00,452.784312848402
63639580-0e36-4395-a556-aaeb04e6b37f,NG=F,Gaz naturel,Matières premières,2026-09-26T07:16:35.619361+00:00,2.80353131077652
63a6d430-09e6-4c0d-b92c-5f86da3547d1,NVDA,Nvidia,Actions,2026-09-26T07:16:35.619361+00:00,197.431412099024
b089831a-21fe-421d-a270-bca0dfc8ea0c,SHY,Treasury 1-3 ans,Obligations,2026-09-26T07:16:35.619361+00:00,71.237411800993
4bc2285e-1c4f-494c-8059-66a3b57a6a48,SI=F,Argent,Matières premières,2026-09-26T07:16:35.619361+00:00,56.3557168871985
b2122ab2-3582-4676-a545-796e04d99d8f,SOL-USD,Solana,Crypto,2026-09-26T07:16:35.619361+00:00,105.728915825781
bcff0e58-11df-4ce0-baf9-705699546c7f,TLT,Treasury 20+ ans,Obligations,2026-09-26T07:16:35.619361+00:00,69.5795043223343
434ffa9d-b201-4a05-8bd1-260ab8b2a2cb,USDCHF=X,USD/CHF,Forex,2026-09-26T07:16:35.619361+00:00,0.877335399320259
5b09d8c2-9195-4e50-b0fe-65b288e197c8,USDJPY=X,USD/JPY,Forex,2026-09-26T07:16:35.619361+00:00,0.877469551114899
6b4da7d3-74c2-4ee4-b2da-bb79618a84ab,XRP-USD,XRP,Crypto,2026-09-26T07:16:35.619361+00:00,1.36194075447109
e8e9600d-5aef-4eb6-b86f-11f8cef16ed8,^FCHI,CAC 40,Indices,2026-09-26T07:16:35.619361+00:00,8077.7998046875
af7f6e5d-9d13-49f7-83ef-56d72febf0cd,^GDAXI,DAX,Indices,2026-09-26T07:16:35.619361+00:00,25408.640625
071f1ec0-fccc-49bb-98a8-5f5a4f0891bf,^GSPC,S&P 500,Indices,2026-09-26T07:16:35.619361+00:00,6792.51944666309
27f55b24-75e7-4817-b6b7-4756de3de7c0,^IXIC,Nasdaq,Indices,2026-09-26T07:16:35.619361+00:00,23744.6820021363
dfe3f85f-57e3-4969-9403-aa32c298d02d,^N225,Nikkei 225,Indices,2026-09-26T07:16:35.619361+00:00,370.471536283127
