id,portfolio_id,user_id,ticker,name,currency,side,kind,target_price_eur,quantity_pct,initial_quantity,trigger_quantity,status,created_at,executed_at,executed_price_eur
4f05d891-6517-420f-9e65-82444a6bb69e,32475e82-116e-44ef-a5f8-54ccb5186651,e6fec837-7f85-4b15-9c91-79c36a8c6482,GOOGL,Alphabet,USD,long,take_profit,328.13,35.0,3.0,1.05,active,2026-09-17T13:02:04.212029+00:00,,
4b035afe-8efe-406a-94cb-34bbb670f4cf,5031b9e6-d595-47b8-9a8b-6ac4bad38737,46833098-9d1e-4b0d-8823-7882d0cc9e92,GC=F,Or,USD,long,take_profit,4000.0,80.0,0.520776,0.4166208,active,2026-09-17T14:18:59.588811+00:00,,
5170f666-851d-4b30-88f6-7e1b204655aa,5031b9e6-d595-47b8-9a8b-6ac4bad38737,46833098-9d1e-4b0d-8823-7882d0cc9e92,NVDA,Nvidia,USD,long,take_profit,209.86,50.0,2.0,1.0,active,2026-09-17T14:20:45.630619+00:00,,
0823bf1c-0232-4c08-85db-de696b7b5dc7,bd7f9c70-62ca-400c-af44-26f8d4ddc151,46833098-9d1e-4b0d-8823-7882d0cc9e92,GC=F,Or,USD,long,take_profit,3950.0,80.0,0.390997,0.3127976,active,2026-09-17T14:23:25.472977+00:00,,
e8af9e37-2121-4651-97a3-61ad4da95111,bd7f9c70-62ca-400c-af44-26f8d4ddc151,46833098-9d1e-4b0d-8823-7882d0cc9e92,ETH-USD,Ethereum,USD,long,take_profit,2367.22,50.0,0.083643,0.0418215,active,2026-09-17T14:25:14.338070+00:00,,
ffda3a0c-82cc-4ecb-ad7c-cef3063b5758,6fe80f38-30b5-446e-ad73-d22ee1fa2ad0,77d6d299-a251-46c6-a70e-fc44db99857e,SI=F,Argent,USD,long,take_profit,63.61,50.0,1.729315,0.8646575,active,2026-09-17T14:25:32.328620+00:00,,
ab61d824-9c78-4747-a06e-d0b5ae425c82,bd7f9c70-62ca-400c-af44-26f8d4ddc151,46833098-9d1e-4b0d-8823-7882d0cc9e92,BTC-USD,Bitcoin,USD,long,take_profit,73604.78,50.0,0.00269,0.001345,active,2026-09-17T14:25:51.132131+00:00,,
55bf9ba3-5d00-4641-9df3-454788d526a0,23ca6d4e-56c6-41b5-8c7a-905f514a5d60,0d3ed868-be07-4937-afe8-425a88f18acb,GC=F,Or,USD,long,take_profit,4222.17,50.0,0.260529,0.1302645,active,2026-09-17T14:26:01.794560+00:00,,
94b83a48-4262-4948-9695-841652c1ea75,e4ba9d21-c477-4b07-a264-00187db0e65f,24df7147-f7de-4c89-b2c3-08e6b4ec3ea6,CL=F,Crude Oil Oct 26,USD,long,take_profit,100.73,1.0,0.886607,0.00886607,active,2026-09-15T19:55:14.377442+00:00,,
b275ad95-f2ff-418a-a17e-7dce62c60122,23ca6d4e-56c6-41b5-8c7a-905f514a5d60,0d3ed868-be07-4937-afe8-425a88f18acb,BTC-USD,Bitcoin,USD,long,take_profit,73623.09,50.0,0.002988,0.001494,active,2026-09-17T14:28:25.638228+00:00,,
154d72bb-cd3d-4edb-b292-4b936e376735,23ca6d4e-56c6-41b5-8c7a-905f514a5d60,0d3ed868-be07-4937-afe8-425a88f18acb,NVDA,Nvidia,USD,long,take_profit,210.1,50.0,2.0,1.0,active,2026-09-17T14:31:47.439474+00:00,,
c5a0110d-16b2-485f-a61e-7d4fb40a263d,23ca6d4e-56c6-41b5-8c7a-905f514a5d60,0d3ed868-be07-4937-afe8-425a88f18acb,IEF,Treasury 7-10 ans,USD,long,take_profit,87.24,50.0,6.304119,3.1520595,active,2026-09-17T14:36:25.985721+00:00,,
52af153d-c2dd-42b6-9762-ee506d8583f8,23ca6d4e-56c6-41b5-8c7a-905f514a5d60,0d3ed868-be07-4937-afe8-425a88f18acb,USDJPY=X,USD/JPY,JPY,long,take_profit,0.96,50.0,574.618739,287.3093695,active,2026-09-17T14:41:18.412011+00:00,,
f94f2124-32cd-4648-8cb9-a3f23b031da3,6fe80f38-30b5-446e-ad73-d22ee1fa2ad0,77d6d299-a251-46c6-a70e-fc44db99857e,BTC-USD,Bitcoin,USD,long,take_profit,73366.65,50.0,0.008246,0.004123,active,2026-09-17T14:44:54.238501+00:00,,
7ef6ac74-cbc5-4f66-82df-d6465fefeaa0,bd7f9c70-62ca-400c-af44-26f8d4ddc151,46833098-9d1e-4b0d-8823-7882d0cc9e92,CL=F,Pétrole WTI,USD,long,take_profit,91.5,70.0,6.823563,4.7764941,active,2026-09-17T15:18:33.337500+00:00,,
3c89b424-ed36-4524-918a-89511cabeb7b,bd7f9c70-62ca-400c-af44-26f8d4ddc151,46833098-9d1e-4b0d-8823-7882d0cc9e92,CL=F,Pétrole WTI,USD,long,stop_loss,83.0,60.0,6.823563,4.0941378,active,2026-09-17T15:18:33.978073+00:00,,
0629a6cd-8d14-4168-a935-da8dfa029592,bd7f9c70-62ca-400c-af44-26f8d4ddc151,46833098-9d1e-4b0d-8823-7882d0cc9e92,AAPL,Apple,USD,long,take_profit,310.0,70.0,3.0,2.1,active,2026-09-17T15:22:29.366244+00:00,,
273762b6-85b2-4aa3-a6e5-1980fa3d3580,23ca6d4e-56c6-41b5-8c7a-905f514a5d60,0d3ed868-be07-4937-afe8-425a88f18acb,AVGO,Broadcom Inc.,USD,long,take_profit,1558.25,50.0,2.0,1.0,active,2026-09-17T15:30:29.722189+00:00,,
f713966c-26f4-4e24-9fc4-21e04f8c0e2f,23ca6d4e-56c6-41b5-8c7a-905f514a5d60,0d3ed868-be07-4937-afe8-425a88f18acb,NOW,"ServiceNow, Inc.",USD,long,take_profit,133.77,50.0,3.0,1.5,active,2026-09-17T15:32:14.187328+00:00,,
6563392b-a7f1-447a-92ad-3cc8e36dedc2,bd7f9c70-62ca-400c-af44-26f8d4ddc151,46833098-9d1e-4b0d-8823-7882d0cc9e92,AAPL,Apple,USD,long,take_profit,275.0,50.0,3.0,1.5,executed,2026-09-17T15:22:29.928957+00:00,2026-09-17T15:32:50.101490+00:00,275.0
a1be2244-2989-45e3-9086-f67bc5c7f793,23ca6d4e-56c6-41b5-8c7a-905f514a5d60,0d3ed868-be07-4937-afe8-425a88f18acb,CRWD,"CrowdStrike Holdings, Inc.",USD,long,take_profit,235.69,50.0,3.0,1.5,active,2026-09-17T15:33:37.398939+00:00,,
c5e63a30-1e15-4378-b212-82a779a7a6a2,23ca6d4e-56c6-41b5-8c7a-905f514a5d60,0d3ed868-be07-4937-afe8-425a88f18acb,SI=F,Argent,USD,long,take_profit,63.53,50.0,8.657138,4.328569,active,2026-09-17T15:34:38.210370+00:00,,
95baf621-f28f-4cbc-932b-d59ccc7b621d,9c4d186f-1f58-43e3-a449-fe1c9637893c,ef6ac0d5-0e80-43c6-9c63-3a3760291988,CL=F,Pétrole WTI,USD,long,take_profit,700.0,50.0,5.688671,2.8443355,active,2026-09-17T16:11:26.198921+00:00,,
294bf0d0-4803-413e-8240-ffb4317c1e31,cf7306e5-5e26-433b-8eae-b11df2e49cee,e7c595fe-f49b-458a-afde-3d31d5b06c93,AAPL,Apple,USD,long,take_profit,321.55,50.0,1.0,0.5,active,2026-09-17T16:13:00.149538+00:00,,
ea70aa77-2b21-4cef-870c-20471f6b1f4a,9c4d186f-1f58-43e3-a449-fe1c9637893c,ef6ac0d5-0e80-43c6-9c63-3a3760291988,GC=F,Or,USD,long,take_profit,8000.0,20.0,0.520552,0.1041104,active,2026-09-17T16:16:23.601514+00:00,,
dc79cb54-c2f8-4986-9124-9a24b43bb35e,bd7f9c70-62ca-400c-af44-26f8d4ddc151,46833098-9d1e-4b0d-8823-7882d0cc9e92,NG=F,Gaz naturel,USD,long,take_profit,3.5,70.0,315.702674,220.9918718,active,2026-09-17T16:27:37.553855+00:00,,
e9aa029d-6263-4096-aea2-4238598e5c8d,6b88575a-4540-4d65-9c4f-0e2d6278e161,de8add1e-8679-4c3f-ab50-6f0f336e8370,SOL-USD,Solana,USD,short,take_profit,96.95,50.0,56.730191,28.3650955,cancelled,2026-09-17T15:43:41.982772+00:00,2026-09-17T16:30:47.705743+00:00,
06425f21-a45f-4b12-ab16-c232685b3ae9,6fe80f38-30b5-446e-ad73-d22ee1fa2ad0,77d6d299-a251-46c6-a70e-fc44db99857e,AAPL,Apple,USD,long,take_profit,322.16,50.0,2.0,1.0,active,2026-09-17T18:56:56.530682+00:00,,
fa3c4c0d-f626-443b-acbe-f1f7e44bb4f5,6fe80f38-30b5-446e-ad73-d22ee1fa2ad0,77d6d299-a251-46c6-a70e-fc44db99857e,BZ=F,Pétrole Brent,USD,long,take_profit,100.28,50.0,10.969438,5.484719,active,2026-09-17T19:00:23.450816+00:00,,
0a31d836-8eff-4fe9-9054-3dd36c35d418,23ca6d4e-56c6-41b5-8c7a-905f514a5d60,0d3ed868-be07-4937-afe8-425a88f18acb,CL=F,Pétrole WTI,USD,long,stop_loss,96.96,50.0,11.344918,5.672459,executed,2026-09-17T15:56:29.393096+00:00,2026-09-17T19:17:17.209500+00:00,96.96
2c0bea80-d8f2-4e0a-85e2-3e6b91ef1d2e,9c4d186f-1f58-43e3-a449-fe1c9637893c,ef6ac0d5-0e80-43c6-9c63-3a3760291988,BTC-USD,Bitcoin,USD,long,take_profit,5000.0,50.0,0.044946,0.022473,executed,2026-09-17T16:15:04.247037+00:00,2026-09-17T19:17:17.209500+00:00,5000.0
33e1f71f-aa33-40d4-8350-a5549df2b30d,9c4d186f-1f58-43e3-a449-fe1c9637893c,ef6ac0d5-0e80-43c6-9c63-3a3760291988,SOL-USD,Solana,USD,long,stop_loss,900.0,30.0,11.340253,3.4020759,executed,2026-09-17T16:13:44.730875+00:00,2026-09-17T19:17:17.209500+00:00,900.0
4869a5e3-7148-4ef9-b188-5d38ffeaf007,6b88575a-4540-4d65-9c4f-0e2d6278e161,de8add1e-8679-4c3f-ab50-6f0f336e8370,SOL-USD,Solana,USD,short,take_profit,100.0,100.0,56.730191,56.730191,executed,2026-09-17T16:31:03.084320+00:00,2026-09-17T19:17:17.209500+00:00,100.0
693fc92b-e5ba-4aee-8827-aec0b5c1ab18,6fe80f38-30b5-446e-ad73-d22ee1fa2ad0,77d6d299-a251-46c6-a70e-fc44db99857e,EURUSD=X,EUR/USD,USD,long,take_profit,1.1,50.0,500.057432,250.028716,active,2026-09-17T21:40:02.429001+00:00,,
74dc0a04-2485-44ff-8434-8154be6bf4b2,bd7f9c70-62ca-400c-af44-26f8d4ddc151,46833098-9d1e-4b0d-8823-7882d0cc9e92,SOL-USD,Solana,USD,long,take_profit,91.0,60.0,2.041876,1.2251256,executed,2026-09-17T14:26:25.922117+00:00,2026-09-18T05:14:03.584671+00:00,91.0
adf5e284-cd8a-4261-b234-7108976dacd0,69d3e31d-9600-4b74-ad01-c4cc774299bf,2e0ac9d7-a620-4139-9c3d-58abaa18dfab,BTC-USD,Bitcoin,USD,long,take_profit,70000.0,50.0,0.497562,0.248781,executed,2026-09-17T15:14:55.874013+00:00,2026-09-18T17:41:21.286703+00:00,70000.0
a4ceb894-1adc-4174-a98a-bda58e8855cf,23ca6d4e-56c6-41b5-8c7a-905f514a5d60,0d3ed868-be07-4937-afe8-425a88f18acb,XRP-USD,XRP,USD,long,take_profit,1.24,50.0,17.721717,8.8608585,cancelled,2026-09-17T15:15:55.233403+00:00,2026-09-19T13:25:44.311810+00:00,
6352e2b2-121d-40bc-b372-a30c4339c4b7,6fe80f38-30b5-446e-ad73-d22ee1fa2ad0,77d6d299-a251-46c6-a70e-fc44db99857e,BZ=F,Pétrole Brent,USD,long,take_profit,100.28,50.0,10.969438,5.484719,active,2026-09-17T19:00:23.994174+00:00,,
a7b20040-4af2-428b-8291-1418a07f4128,6fe80f38-30b5-446e-ad73-d22ee1fa2ad0,77d6d299-a251-46c6-a70e-fc44db99857e,^N225,Nikkei 225,JPY,short,take_profit,393.96,50.0,1.0,0.5,executed,2026-09-17T18:58:42.819928+00:00,2026-09-17T19:17:17.209500+00:00,393.96
ae85c1c7-d424-44aa-ba3e-0af7060f51ef,6fe80f38-30b5-446e-ad73-d22ee1fa2ad0,77d6d299-a251-46c6-a70e-fc44db99857e,^N225,Nikkei 225,JPY,short,take_profit,393.96,50.0,1.0,0.5,executed,2026-09-17T18:58:42.266667+00:00,2026-09-17T19:17:17.209500+00:00,393.96
b29188f3-bb59-49e2-a208-c8a3b64e92d9,6fe80f38-30b5-446e-ad73-d22ee1fa2ad0,77d6d299-a251-46c6-a70e-fc44db99857e,^N225,Nikkei 225,JPY,short,take_profit,393.96,50.0,1.0,0.5,cancelled,2026-09-17T18:58:43.383970+00:00,2026-09-17T19:17:17.209500+00:00,
4f089bba-8ee0-4cb6-9624-581d1139e101,9c4d186f-1f58-43e3-a449-fe1c9637893c,ef6ac0d5-0e80-43c6-9c63-3a3760291988,CL=F,Pétrole WTI,USD,long,stop_loss,300.0,50.0,5.688671,2.8443355,executed,2026-09-17T16:11:26.746498+00:00,2026-09-17T19:17:17.209500+00:00,300.0
7cab9d01-b231-4ffe-9409-9b0059f306dd,827b9594-c97e-45b1-a4f9-86c2fc9be21f,0f2d96b2-d0f5-4879-bff4-afd7a7d2ece8,BTC-USD,Bitcoin,USD,long,take_profit,73122.47,50.0,0.075216,0.037608,active,2026-09-17T22:07:40.779108+00:00,,
5ca1e2ac-f0ce-48cf-a7f8-68b3c4cd734c,827b9594-c97e-45b1-a4f9-86c2fc9be21f,0f2d96b2-d0f5-4879-bff4-afd7a7d2ece8,BTC-USD,Bitcoin,USD,short,take_profit,74000.0,50.0,0.075226,0.037613,executed,2026-09-17T22:10:00.217708+00:00,2026-09-17T22:20:46.220608+00:00,74000.0
7ba953fc-13d2-4502-92d2-1f0d595ba34a,9c4d186f-1f58-43e3-a449-fe1c9637893c,ef6ac0d5-0e80-43c6-9c63-3a3760291988,^GSPC,S&P 500,USD,long,stop_loss,4000.0,50.0,1.0,0.5,active,2026-09-18T08:10:07.906703+00:00,,
feb564be-07fb-4226-a907-b2582dbcbce4,9c4d186f-1f58-43e3-a449-fe1c9637893c,ef6ac0d5-0e80-43c6-9c63-3a3760291988,CL=F,Pétrole WTI,USD,long,stop_loss,250.0,50.0,2.8443355,1.42216775,cancelled,2026-09-18T08:11:45.439149+00:00,2026-09-18T08:11:54.830712+00:00,
ef196a56-e6c0-4e08-a014-746643de8232,4470854f-70c7-4827-9720-067a67ae26ec,16d370b2-263c-4eec-89f4-fca0a47ef9cf,BTC-USD,Bitcoin,USD,short,stop_loss,74378.43,37.0,0.044368,0.01641616,cancelled,2026-09-18T08:17:13.243030+00:00,2026-09-18T08:25:42.309398+00:00,
a49c0706-3dd9-4588-a132-19f23ee60851,4470854f-70c7-4827-9720-067a67ae26ec,16d370b2-263c-4eec-89f4-fca0a47ef9cf,BTC-USD,Bitcoin,USD,long,take_profit,74612.04,50.0,1.326864,0.663432,active,2026-09-18T08:39:26.621075+00:00,,
0c03ec78-13ea-4bc0-a988-0035f5bbaa95,4470854f-70c7-4827-9720-067a67ae26ec,16d370b2-263c-4eec-89f4-fca0a47ef9cf,BTC-USD,Bitcoin,USD,long,take_profit,74989.07,50.0,2.933761,1.4668805,active,2026-09-18T09:18:19.561439+00:00,,
0518739f-4b36-4ace-b88c-e5487c673d2b,4470854f-70c7-4827-9720-067a67ae26ec,16d370b2-263c-4eec-89f4-fca0a47ef9cf,CL=F,Pétrole WTI,USD,long,take_profit,91.82,50.0,86.975016,43.487508,cancelled,2026-09-18T09:45:28.446028+00:00,2026-09-18T09:46:14.074371+00:00,
325c89b7-12ff-4ef0-84b6-3d1a7fc5a19a,9c4d186f-1f58-43e3-a449-fe1c9637893c,ef6ac0d5-0e80-43c6-9c63-3a3760291988,CL=F,Pétrole WTI,USD,long,stop_loss,250.0,50.0,2.8443355,1.42216775,executed,2026-09-18T08:11:32.997703+00:00,2026-09-18T09:50:46.094849+00:00,250.0
59cbc0c4-a836-4804-88f6-88012dcfb1aa,23ca6d4e-56c6-41b5-8c7a-905f514a5d60,0d3ed868-be07-4937-afe8-425a88f18acb,XRP-USD,XRP,USD,long,take_profit,1.28,100.0,187919.830231,187919.830231,active,2026-09-18T09:54:07.225329+00:00,,
de4e4101-d176-4725-b5d2-85119dcd18b2,9c4d186f-1f58-43e3-a449-fe1c9637893c,ef6ac0d5-0e80-43c6-9c63-3a3760291988,^GSPC,S&P 500,USD,long,take_profit,7313.54,50.0,1.0,0.5,active,2026-09-18T10:02:50.088351+00:00,,
8f94fa9d-da8d-4e1c-8821-3ef0b8f349b9,dcb787aa-d2ec-4401-a677-d4b5801a5a6c,579e53db-3a3c-4273-9c79-15e98253c220,CL=F,Pétrole WTI,USD,long,take_profit,500.0,50.0,35.834559,17.9172795,active,2026-09-18T11:26:55.660202+00:00,,
fc92545e-04ce-4618-b9a9-c6bef6d4a206,6fe80f38-30b5-446e-ad73-d22ee1fa2ad0,77d6d299-a251-46c6-a70e-fc44db99857e,ETH-USD,Ethereum,USD,long,take_profit,2404.14,50.0,0.480422,0.240211,active,2026-09-18T12:41:15.228711+00:00,,
b351c021-c69e-4508-bc40-af67df437ffa,0d74b6d9-3cfc-48d8-a96a-29dd216e66c2,ca52711c-5c1d-46c2-a6ee-739b8dc3e9a3,^GSPC,S&P 500,USD,long,take_profit,7325.3,50.0,3.0,1.5,cancelled,2026-09-18T13:19:14.540945+00:00,2026-09-18T13:19:39.302654+00:00,
af9dcd17-38be-498f-948a-ae8a2079cdcb,0d74b6d9-3cfc-48d8-a96a-29dd216e66c2,ca52711c-5c1d-46c2-a6ee-739b8dc3e9a3,SOL-USD,Solana USD,USD,short,take_profit,90.5,100.0,217.403459,217.403459,active,2026-09-18T13:20:14.264498+00:00,,
ef8414ad-e41a-4034-97cb-815fa10c781b,0d74b6d9-3cfc-48d8-a96a-29dd216e66c2,ca52711c-5c1d-46c2-a6ee-739b8dc3e9a3,SOL-USD,Solana USD,USD,short,take_profit,88.0,100.0,108.686276,108.686276,cancelled,2026-09-18T13:07:05.692536+00:00,2026-09-18T13:20:28.572692+00:00,
0975cfa4-bd26-44fa-815f-e86e04149be2,0d74b6d9-3cfc-48d8-a96a-29dd216e66c2,ca52711c-5c1d-46c2-a6ee-739b8dc3e9a3,ETH-USD,Ethereum USD,USD,short,take_profit,1900.0,100.0,3.438363,3.438363,active,2026-09-18T13:24:46.687790+00:00,,
29738a40-7cbc-4082-86be-f7429ff4fa0d,694310d5-0bba-4d74-a3dc-5c320171457f,763e1ab2-53e5-4768-8f3a-59449c070e48,GC=F,Or,USD,short,take_profit,4385.0,50.0,0.389529,0.1947645,cancelled,2026-09-18T11:18:22.410701+00:00,2026-09-18T13:38:03.117323+00:00,
475da8a7-e585-4c72-bef5-194988df318b,694310d5-0bba-4d74-a3dc-5c320171457f,763e1ab2-53e5-4768-8f3a-59449c070e48,BTC-USD,Bitcoin,USD,long,stop_loss,78000.0,51.0,0.01469,0.0074919,cancelled,2026-09-18T11:15:10.434153+00:00,2026-09-18T13:38:04.233476+00:00,
c28cd386-4dd3-4c93-819d-adb67ab30cd6,694310d5-0bba-4d74-a3dc-5c320171457f,763e1ab2-53e5-4768-8f3a-59449c070e48,SOL-USD,Solana,USD,long,take_profit,101.52,50.0,1.343628,0.671814,cancelled,2026-09-18T11:39:13.204538+00:00,2026-09-18T13:38:05.439373+00:00,
3950eaa3-ff7c-48e0-a89f-c4e0781ba06e,694310d5-0bba-4d74-a3dc-5c320171457f,763e1ab2-53e5-4768-8f3a-59449c070e48,SOL-USD,Solana,USD,long,take_profit,102.67,50.0,11.249093,5.6245465,active,2026-09-18T13:39:11.893452+00:00,,
9c77ef5d-a6c2-4633-96c4-87aeb896b5cc,694310d5-0bba-4d74-a3dc-5c320171457f,763e1ab2-53e5-4768-8f3a-59449c070e48,SOL-USD,Solana,USD,long,stop_loss,93.34,77.0,22.498186,17.32360322,active,2026-09-18T13:45:43.760890+00:00,,
23f8159f-c266-4a90-92ed-dccbd5ab5dfe,694310d5-0bba-4d74-a3dc-5c320171457f,763e1ab2-53e5-4768-8f3a-59449c070e48,BTC-USD,Bitcoin,USD,long,stop_loss,68742.76,50.0,0.016002,0.008001,cancelled,2026-09-18T13:47:14.112706+00:00,2026-09-18T13:48:02.367428+00:00,
fe9b2e99-fe3e-49dd-849f-d4dba650d2bb,32475e82-116e-44ef-a5f8-54ccb5186651,e6fec837-7f85-4b15-9c91-79c36a8c6482,BTC-USD,Bitcoin,USD,long,take_profit,67463.0,50.0,0.020438,0.010219,executed,2026-09-18T10:55:12.637654+00:00,2026-09-18T14:08:28.823160+00:00,67463.0
58165752-fafd-45dc-9a65-a4d5982a48ac,9c4d186f-1f58-43e3-a449-fe1c9637893c,ef6ac0d5-0e80-43c6-9c63-3a3760291988,CL=F,Pétrole WTI,USD,long,stop_loss,400.0,50.0,7.156751,3.5783755,executed,2026-09-18T10:01:43.468810+00:00,2026-09-18T14:08:28.823160+00:00,400.0
7b0a5baf-983a-4ecd-95a8-48dfc7dc6ee0,694310d5-0bba-4d74-a3dc-5c320171457f,763e1ab2-53e5-4768-8f3a-59449c070e48,BTC-USD,Bitcoin,USD,long,take_profit,68742.76,69.0,0.016002,0.01104138,executed,2026-09-18T13:48:16.996071+00:00,2026-09-18T14:08:28.823160+00:00,68742.76
20ec44f7-3e0f-4902-88e6-708a74bfc186,23ca6d4e-56c6-41b5-8c7a-905f514a5d60,0d3ed868-be07-4937-afe8-425a88f18acb,ETH-USD,Ethereum,USD,long,take_profit,2466.33,100.0,138.26198,138.26198,active,2026-09-18T14:22:03.509725+00:00,,
45f64647-7ac0-429e-90b6-d556677e8f85,23ca6d4e-56c6-41b5-8c7a-905f514a5d60,0d3ed868-be07-4937-afe8-425a88f18acb,ETH-USD,Ethereum,USD,short,take_profit,2451.79,50.0,143.56885,71.784425,cancelled,2026-09-18T14:13:31.808660+00:00,2026-09-18T17:41:21.286703+00:00,
a50df86b-9fdd-48d4-a0e2-8ee55a7ca9bc,23ca6d4e-56c6-41b5-8c7a-905f514a5d60,0d3ed868-be07-4937-afe8-425a88f18acb,ETH-USD,Ethereum,USD,short,take_profit,2464.66,50.0,0.446309,0.2231545,cancelled,2026-09-18T14:21:02.900981+00:00,2026-09-18T17:41:21.286703+00:00,
17cfc421-8b77-4145-b55f-b5a63c1394bb,bd6d84eb-6dfa-46ea-8059-6abbf22846e0,7f044671-76dc-44e0-b34d-6ece42fa7762,SOL-USD,Solana,USD,long,take_profit,108.89,50.0,10.10197,5.050985,active,2026-09-18T20:49:33.011648+00:00,,
d1e8bb58-faf4-4868-8c39-fe2277549c13,bd6d84eb-6dfa-46ea-8059-6abbf22846e0,7f044671-76dc-44e0-b34d-6ece42fa7762,TTWO,"Take-Two Interactive Software, ",USD,long,take_profit,196.68,50.0,1.0,0.5,active,2026-09-18T20:56:08.763509+00:00,,
219e93e2-5a92-47fb-b669-bdc2db02fe1b,bd6d84eb-6dfa-46ea-8059-6abbf22846e0,7f044671-76dc-44e0-b34d-6ece42fa7762,TTWO,"Take-Two Interactive Software, ",USD,long,take_profit,196.68,50.0,1.0,0.5,active,2026-09-18T21:01:06.313907+00:00,,
41ad144d-1937-46e2-a5bb-1307e5582fc1,bd6d84eb-6dfa-46ea-8059-6abbf22846e0,7f044671-76dc-44e0-b34d-6ece42fa7762,XRP-USD,XRP,USD,long,take_profit,1.34,50.0,821.380407,410.6902035,active,2026-09-18T21:03:01.373688+00:00,,
db58ab0d-4259-4806-b922-d47edbd10238,4470854f-70c7-4827-9720-067a67ae26ec,16d370b2-263c-4eec-89f4-fca0a47ef9cf,BTC-USD,Bitcoin,USD,long,take_profit,77826.67,50.0,0.014134,0.007067,active,2026-09-19T09:53:27.612551+00:00,,
a0a6b6da-2191-444f-9b04-6c4fb43ee6f5,bd6d84eb-6dfa-46ea-8059-6abbf22846e0,7f044671-76dc-44e0-b34d-6ece42fa7762,BTC-USD,Bitcoin,USD,long,take_profit,77721.18,50.0,0.141532,0.070766,active,2026-09-18T21:07:22.277414+00:00,,
8b0d6128-cb5a-46ff-a4dd-7aef3f51341b,bd6d84eb-6dfa-46ea-8059-6abbf22846e0,7f044671-76dc-44e0-b34d-6ece42fa7762,ETH-USD,Ethereum,USD,long,take_profit,2525.19,50.0,4.356107,2.1780535,active,2026-09-18T21:14:17.576402+00:00,,
3169abfb-7815-4637-b8bd-968b70753b56,9c4d186f-1f58-43e3-a449-fe1c9637893c,ef6ac0d5-0e80-43c6-9c63-3a3760291988,CL=F,Pétrole WTI,USD,long,take_profit,91.41,50.0,12.034116,6.017058,active,2026-09-18T22:09:20.460207+00:00,,
b081953c-a5eb-41f8-b2f9-72253832352a,0d74b6d9-3cfc-48d8-a96a-29dd216e66c2,ca52711c-5c1d-46c2-a6ee-739b8dc3e9a3,SOL-USD,Solana USD,USD,short,take_profit,106.78,50.0,10.301498,5.150749,executed,2026-09-19T13:32:31.573155+00:00,2026-09-19T16:40:53.359622+00:00,106.78
fbe9da05-bc9f-4e0b-849a-45a245a3eca1,6fe80f38-30b5-446e-ad73-d22ee1fa2ad0,77d6d299-a251-46c6-a70e-fc44db99857e,IEF,Treasury 7-10 ans,USD,short,take_profit,86.93,50.0,12.654505,6.3272525,executed,2026-09-19T17:27:00.094099+00:00,2026-09-19T18:56:42.338172+00:00,86.93
70c8afc4-c90c-4fbc-bd35-84f5f9e5b3e8,9c4d186f-1f58-43e3-a449-fe1c9637893c,ef6ac0d5-0e80-43c6-9c63-3a3760291988,BTC-USD,Bitcoin,USD,long,stop_loss,200.0,50.0,0.022473,0.0112365,cancelled,2026-09-18T08:16:42.809906+00:00,2026-09-18T22:11:30.861256+00:00,
19652114-9203-4936-8d3a-f09c24bacbd8,9c4d186f-1f58-43e3-a449-fe1c9637893c,ef6ac0d5-0e80-43c6-9c63-3a3760291988,BTC-USD,Bitcoin,USD,long,stop_loss,2000.0,50.0,0.026168,0.013084,active,2026-09-18T22:11:57.668273+00:00,,
