id,portfolio_id,user_id,date,ticker,name,side,action,quantity,price_eur,currency,leverage,realized_pnl_eur,tp_sl_order_id,is_liquidation
f3dec049-ced8-4173-9139-f84c2990cddc,bd7f9c70-62ca-400c-af44-26f8d4ddc151,46833098-9d1e-4b0d-8823-7882d0cc9e92,2026-09-17T14:23:25.472771,GC=F,Or,long,achat,0.390997,3836.34602279926,USD,1.0,,,False
efdf8331-91f9-4dce-b26e-e2988fdc34ff,bd7f9c70-62ca-400c-af44-26f8d4ddc151,46833098-9d1e-4b0d-8823-7882d0cc9e92,2026-09-17T14:25:14.337806,ETH-USD,Ethereum,long,achat,0.083643,2152.0155147445,USD,1.0,,,False
da742b97-b36e-4469-bcb6-4ead497e140d,bd7f9c70-62ca-400c-af44-26f8d4ddc151,46833098-9d1e-4b0d-8823-7882d0cc9e92,2026-09-17T14:25:51.131918,BTC-USD,Bitcoin,long,achat,0.00269,66913.4400011972,USD,1.0,,,False
30bc3089-8e95-4229-8b6c-7f42204f858c,bd7f9c70-62ca-400c-af44-26f8d4ddc151,46833098-9d1e-4b0d-8823-7882d0cc9e92,2026-09-17T14:26:25.921858,SOL-USD,Solana,long,achat,2.041876,88.1542257924748,USD,1.0,,,False
bd552983-94fb-4bd0-96a1-4f5337e7ef1f,bd7f9c70-62ca-400c-af44-26f8d4ddc151,46833098-9d1e-4b0d-8823-7882d0cc9e92,2026-09-17T15:18:33.337320,CL=F,Pétrole WTI,long,achat,6.823563,87.9305984973907,USD,2.0,,,False
3c0eaf63-2d4c-47d5-bc65-7d2ebc92c4de,bd7f9c70-62ca-400c-af44-26f8d4ddc151,46833098-9d1e-4b0d-8823-7882d0cc9e92,2026-09-17T15:22:29.366062,AAPL,Apple,long,achat,3.0,289.493487230797,USD,1.0,,,False
3eec901c-792a-4c09-a2d0-ba9052030d3b,bd7f9c70-62ca-400c-af44-26f8d4ddc151,46833098-9d1e-4b0d-8823-7882d0cc9e92,2026-09-17T15:32:56.946511,AAPL,Apple,long,vente,1.5,275.0,USD,1.0,-21.7402308461955,6563392b-a7f1-447a-92ad-3cc8e36dedc2,False
9d523e19-7347-4eac-baf2-17fc008dffef,bd7f9c70-62ca-400c-af44-26f8d4ddc151,46833098-9d1e-4b0d-8823-7882d0cc9e92,2026-09-17T16:27:37.553577,NG=F,Gaz naturel,long,achat,315.702674,2.53402985490808,USD,1.0,,,False
8ad35bf6-341d-48dd-b1b5-8e700668f70d,bd7f9c70-62ca-400c-af44-26f8d4ddc151,46833098-9d1e-4b0d-8823-7882d0cc9e92,2026-09-18T05:14:12.694124,SOL-USD,Solana,long,vente,1.2251256,91.0,USD,1.0,3.48643083345883,74dc0a04-2485-44ff-8434-8154be6bf4b2,False
cde8f9ce-b914-414d-85c6-8296a3a41bb0,5031b9e6-d595-47b8-9a8b-6ac4bad38737,46833098-9d1e-4b0d-8823-7882d0cc9e92,2026-09-17T14:18:59.588201,GC=F,Or,long,achat,0.520776,3840.42115456861,USD,1.0,,,False
a479f0f0-63b0-4422-9f34-108a311281f5,5031b9e6-d595-47b8-9a8b-6ac4bad38737,46833098-9d1e-4b0d-8823-7882d0cc9e92,2026-09-17T14:20:45.630389,NVDA,Nvidia,long,achat,2.0,190.777764282757,USD,1.0,,,False
cef8c38b-3ee2-45bd-aca4-9a796d91dd54,cf7306e5-5e26-433b-8eae-b11df2e49cee,e7c595fe-f49b-458a-afde-3d31d5b06c93,2026-09-17T16:13:00.149352,AAPL,Apple,long,achat,1.0,292.319395981805,USD,1.0,,,False
715ba2ee-3f1e-4f10-aab6-d0ec5c9d8af2,cf7306e5-5e26-433b-8eae-b11df2e49cee,e7c595fe-f49b-458a-afde-3d31d5b06c93,2026-09-18T08:37:59.672939,AAPL,Apple,long,achat,1.0,293.459606170654,USD,1.0,,,False
4aafb3ff-d14a-4259-b421-419af6a76dd7,cf7306e5-5e26-433b-8eae-b11df2e49cee,e7c595fe-f49b-458a-afde-3d31d5b06c93,2026-09-18T08:43:13.883341,AAPL,Apple,long,achat,1.0,293.459606170654,USD,1.0,,,False
428945c7-4ced-4535-9d02-c6e9c0d93ccb,cf7306e5-5e26-433b-8eae-b11df2e49cee,e7c595fe-f49b-458a-afde-3d31d5b06c93,2026-09-18T08:43:54.086914,AAPL,Apple,long,achat,1.0,293.459606170654,USD,1.0,,,False
c5567d49-7954-45ac-998e-e2da720162d5,cf7306e5-5e26-433b-8eae-b11df2e49cee,e7c595fe-f49b-458a-afde-3d31d5b06c93,2026-09-18T08:46:12.711706,AAPL,Apple,long,achat,1.0,293.459606170654,USD,1.0,,,False
ef73818a-5166-4016-bc6d-73bdcc05a282,cf7306e5-5e26-433b-8eae-b11df2e49cee,e7c595fe-f49b-458a-afde-3d31d5b06c93,2026-09-18T08:47:04.089977,AAPL,Apple,long,achat,1.0,293.459606170654,USD,1.0,,,False
345dcc84-e165-4cad-a9f9-c25379ca7644,cf7306e5-5e26-433b-8eae-b11df2e49cee,e7c595fe-f49b-458a-afde-3d31d5b06c93,2026-09-18T08:47:59.864533,AAPL,Apple,long,achat,1.0,293.459606170654,USD,1.0,,,False
b225bfb4-6055-4866-b9bf-eead1e106583,cf7306e5-5e26-433b-8eae-b11df2e49cee,e7c595fe-f49b-458a-afde-3d31d5b06c93,2026-09-18T08:48:39.501735,AAPL,Apple,long,achat,1.0,293.459606170654,USD,1.0,,,False
64d8fa8f-23e6-4351-9259-f2885f0c6c24,cf7306e5-5e26-433b-8eae-b11df2e49cee,e7c595fe-f49b-458a-afde-3d31d5b06c93,2026-09-18T08:49:34.361432,AAPL,Apple,long,achat,1.0,293.459606170654,USD,1.0,,,False
68fe83ea-8943-4afa-a275-a8a9b54726a6,df497fa7-e810-4a38-9802-172682f83a75,e6fec837-7f85-4b15-9c91-79c36a8c6482,2026-09-18T09:21:37.240831,BTC-USD,Bitcoin,long,achat,0.014677,68131.6901327614,USD,1.0,,,False
a10243ca-888f-4486-8f17-40f8af80858f,df497fa7-e810-4a38-9802-172682f83a75,e6fec837-7f85-4b15-9c91-79c36a8c6482,2026-09-18T09:25:21.564381,BTC-USD,Bitcoin,long,vente,0.014677,68103.2699405178,USD,1.0,-0.417123161558737,,False
394fcd83-83db-41d9-8af9-e52f6220eeeb,df497fa7-e810-4a38-9802-172682f83a75,e6fec837-7f85-4b15-9c91-79c36a8c6482,2026-09-18T09:26:03.042905,BTC-USD,Bitcoin,short,ouverture short,0.014686,68091.2842108067,USD,1.0,,,False
bc902860-c1ba-4d2b-8cad-3ad0db2594ab,df497fa7-e810-4a38-9802-172682f83a75,e6fec837-7f85-4b15-9c91-79c36a8c6482,2026-09-18T09:27:14.589135,BTC-USD,Bitcoin,short,rachat short,0.014686,68067.6460662289,USD,1.0,0.347149791270141,,False
788ac8d7-acea-4ce6-8bb9-21b10e5473d8,3468f51d-dea1-40ec-bbda-5fe96e23a14b,86bc57cd-2c71-4948-8f61-b02d53db3027,2026-09-18T09:50:48.603001,BTC-USD,Bitcoin,short,ouverture short,2.944613,67920.631300468,USD,20.0,,,False
16e11011-2cb5-434b-95dc-28c630d24184,3468f51d-dea1-40ec-bbda-5fe96e23a14b,86bc57cd-2c71-4948-8f61-b02d53db3027,2026-09-18T19:59:13.444769,BTC-USD,Bitcoin,short,rachat short,2.944613,70689.4575652354,USD,1.0,-8153.12181397565,,True
e3ea8437-0c53-4e53-8222-0448c6f8f59a,dcb787aa-d2ec-4401-a677-d4b5801a5a6c,579e53db-3a3c-4273-9c79-15e98253c220,2026-09-18T11:24:45.784004,ETH-USD,Ethereum,long,achat,2.752434,2179.88897961532,USD,2.0,,,False
ec80375e-2c35-498a-b0be-314589e3b065,dcb787aa-d2ec-4401-a677-d4b5801a5a6c,579e53db-3a3c-4273-9c79-15e98253c220,2026-09-18T11:26:55.659948,CL=F,Pétrole WTI,long,achat,35.834559,83.7180677264519,USD,1.0,,,False
8dc816bc-9041-4d03-ba7c-f14226933df7,dcb787aa-d2ec-4401-a677-d4b5801a5a6c,579e53db-3a3c-4273-9c79-15e98253c220,2026-09-18T11:26:59.906530,CL=F,Pétrole WTI,long,achat,35.793562,83.8139552572679,USD,1.0,,,False
72415925-d442-43a6-a7c1-b5b342e4f0af,bd6d84eb-6dfa-46ea-8059-6abbf22846e0,7f044671-76dc-44e0-b34d-6ece42fa7762,2026-09-18T20:49:33.011426,SOL-USD,Solana,long,achat,10.10197,98.9905962342577,USD,1.0,,,False
78af4328-a066-47fc-85dd-bdbe6cb7221e,bd6d84eb-6dfa-46ea-8059-6abbf22846e0,7f044671-76dc-44e0-b34d-6ece42fa7762,2026-09-18T20:49:43.609110,SOL-USD,Solana,long,achat,10.123333,98.7816954502382,USD,1.0,,,False
883841b8-292c-49ec-a84b-ba857478d2c7,bd6d84eb-6dfa-46ea-8059-6abbf22846e0,7f044671-76dc-44e0-b34d-6ece42fa7762,2026-09-18T20:56:08.763270,TTWO,"Take-Two Interactive Software, ",long,achat,1.0,178.803131305614,USD,1.0,,,False
9f583ffb-3178-4483-9087-b0feed8e4085,bd6d84eb-6dfa-46ea-8059-6abbf22846e0,7f044671-76dc-44e0-b34d-6ece42fa7762,2026-09-18T21:01:04.327473,TTWO,"Take-Two Interactive Software, ",long,vente,1.0,178.803131305614,USD,1.0,0.0,,False
5587c78c-fc64-41d6-92a3-4b7ba6b128f5,bd6d84eb-6dfa-46ea-8059-6abbf22846e0,7f044671-76dc-44e0-b34d-6ece42fa7762,2026-09-18T21:01:06.313724,TTWO,"Take-Two Interactive Software, ",long,achat,1.0,178.803131305614,USD,1.0,,,False
5d46b58d-c541-4aa0-acc5-1a3790a783d8,bd6d84eb-6dfa-46ea-8059-6abbf22846e0,7f044671-76dc-44e0-b34d-6ece42fa7762,2026-09-18T21:03:01.373451,XRP-USD,XRP,long,achat,821.380407,1.21746269081672,USD,1.0,,,False
5eeaec43-2bdf-495e-87af-436803d9af3f,6b88575a-4540-4d65-9c4f-0e2d6278e161,de8add1e-8679-4c3f-ab50-6f0f336e8370,2026-09-17T15:43:41.982548,SOL-USD,Solana,short,ouverture short,56.730191,88.1364913061952,USD,5.0,,,False
37825472-1a7f-4d0b-bbee-97821b92370a,6b88575a-4540-4d65-9c4f-0e2d6278e161,de8add1e-8679-4c3f-ab50-6f0f336e8370,2026-09-17T19:17:31.183637,SOL-USD,Solana,short,rachat short,56.730191,100.0,USD,1.0,-673.019114129707,4869a5e3-7148-4ef9-b188-5d38ffeaf007,False
4795cfc2-0f63-4d38-9137-de1f6f5e5116,6b88575a-4540-4d65-9c4f-0e2d6278e161,de8add1e-8679-4c3f-ab50-6f0f336e8370,2026-09-18T08:15:00,SOL-USD,Solana,short,ouverture short,55.555556,90.0,USD,5.0,,,False
14a0dd7c-0bd3-47fe-ae83-66a90418b5c4,bd6d84eb-6dfa-46ea-8059-6abbf22846e0,7f044671-76dc-44e0-b34d-6ece42fa7762,2026-09-18T21:03:16.860505,XRP-USD,XRP,long,achat,820.969601,1.21807189815723,USD,1.0,,,False
32d10fd2-a14c-4f84-8a77-287d003dd3df,bd6d84eb-6dfa-46ea-8059-6abbf22846e0,7f044671-76dc-44e0-b34d-6ece42fa7762,2026-09-18T21:03:25.187516,XRP-USD,XRP,long,achat,821.028272,1.21798485371604,USD,1.0,,,False
b5b9f2e5-b1ba-43b6-bc3d-52a355ce8a9e,bd6d84eb-6dfa-46ea-8059-6abbf22846e0,7f044671-76dc-44e0-b34d-6ece42fa7762,2026-09-18T21:07:22.277221,BTC-USD,Bitcoin,long,achat,0.141532,70655.6185367275,USD,10.0,,,False
a39eae81-863c-4fca-abaa-8d01e8243ed8,bd6d84eb-6dfa-46ea-8059-6abbf22846e0,7f044671-76dc-44e0-b34d-6ece42fa7762,2026-09-18T21:07:38.247889,BTC-USD,Bitcoin,long,achat,0.141499,70672.1085369461,USD,10.0,,,False
de1c3913-1801-41d9-952e-1ed00a7982f7,bd6d84eb-6dfa-46ea-8059-6abbf22846e0,7f044671-76dc-44e0-b34d-6ece42fa7762,2026-09-18T21:10:11.773578,TTWO,"Take-Two Interactive Software, ",long,vente,1.0,178.823679714532,USD,1.0,0.0205484089183301,,False
ffdf4049-db3f-4e47-98bd-0b57f1a55a5e,bd6d84eb-6dfa-46ea-8059-6abbf22846e0,7f044671-76dc-44e0-b34d-6ece42fa7762,2026-09-18T21:11:00.663915,BTC-USD,Bitcoin,long,achat,0.141501,70670.6397369266,USD,10.0,,,False
860699da-f921-4577-ba15-e0e0c3f2da2c,dcb787aa-d2ec-4401-a677-d4b5801a5a6c,579e53db-3a3c-4273-9c79-15e98253c220,2026-09-18T11:33:02.834922,AAPL,Apple Inc.,long,achat,3.0,293.863992929459,USD,1.0,,,False
17419154-168a-468a-81f1-0e6e29f195ca,bd6d84eb-6dfa-46ea-8059-6abbf22846e0,7f044671-76dc-44e0-b34d-6ece42fa7762,2026-09-18T21:11:14.578267,BTC-USD,Bitcoin,long,achat,0.141441,70700.8317373269,USD,10.0,,,False
39aaf8c7-5ea3-4888-af9a-07df817d18ab,bd6d84eb-6dfa-46ea-8059-6abbf22846e0,7f044671-76dc-44e0-b34d-6ece42fa7762,2026-09-18T21:14:17.576225,ETH-USD,Ethereum,long,achat,4.356107,2295.62775543463,USD,10.0,,,False
d021995a-5d18-44ce-8d06-6d066e5a124b,9188556f-7454-4eab-a9f2-b25cbf040e72,fc2c1c21-eed8-4a25-8e64-8434647c63f4,2026-09-18T09:01:43.571153,GC=F,Or,long,achat,0.259407,3854.9445160199,USD,1.0,,,False
c001a6fb-b2d4-4773-b3a6-c07f077f4188,9188556f-7454-4eab-a9f2-b25cbf040e72,fc2c1c21-eed8-4a25-8e64-8434647c63f4,2026-09-18T09:01:48.686321,GC=F,Or,long,achat,0.259402,3855.02425760031,USD,1.0,,,False
e345ca82-aee2-41c2-ad38-d40ff0194ec4,9188556f-7454-4eab-a9f2-b25cbf040e72,fc2c1c21-eed8-4a25-8e64-8434647c63f4,2026-09-18T14:27:33.660710,BTC-USD,Bitcoin,short,ouverture short,0.012074,70401.3956415653,USD,1.0,,,False
ef2b052e-7e71-47d6-926a-e121f42db93b,9188556f-7454-4eab-a9f2-b25cbf040e72,fc2c1c21-eed8-4a25-8e64-8434647c63f4,2026-09-18T14:28:23.581819,BTC-USD,Bitcoin,short,ouverture short,0.012098,70259.6358833313,USD,1.0,,,False
ec703bf8-b0c1-4d21-8339-5ee6bae777ed,9c4d186f-1f58-43e3-a449-fe1c9637893c,ef6ac0d5-0e80-43c6-9c63-3a3760291988,2026-09-17T16:11:26.198671,CL=F,Pétrole WTI,long,achat,5.688671,87.8939921856022,USD,1.0,,,False
c043d280-6353-4635-acab-0edad9784350,9c4d186f-1f58-43e3-a449-fe1c9637893c,ef6ac0d5-0e80-43c6-9c63-3a3760291988,2026-09-17T16:13:44.730634,SOL-USD,Solana,long,achat,11.340253,88.1814567834349,USD,1.0,,,False
5ace6d18-64ef-4b86-af2d-834684cd35c2,9c4d186f-1f58-43e3-a449-fe1c9637893c,ef6ac0d5-0e80-43c6-9c63-3a3760291988,2026-09-17T16:15:04.246865,BTC-USD,Bitcoin,long,achat,0.044946,66746.9560808283,USD,1.0,,,False
d3582fcb-7188-4dfb-8ddf-b128d0142b8d,9c4d186f-1f58-43e3-a449-fe1c9637893c,ef6ac0d5-0e80-43c6-9c63-3a3760291988,2026-09-17T16:16:23.601279,GC=F,Or,long,achat,0.520552,3842.07378250422,USD,1.0,,,False
634af768-4037-4956-9dd8-c56625b0d375,9c4d186f-1f58-43e3-a449-fe1c9637893c,ef6ac0d5-0e80-43c6-9c63-3a3760291988,2026-09-17T19:17:28.168845,CL=F,Pétrole WTI,long,vente,2.8443355,300.0,USD,1.0,603.300647789769,4f089bba-8ee0-4cb6-9624-581d1139e101,False
5f695411-d269-4dbc-a3db-801c8a944ae5,9c4d186f-1f58-43e3-a449-fe1c9637893c,ef6ac0d5-0e80-43c6-9c63-3a3760291988,2026-09-17T19:17:28.168969,SOL-USD,Solana,long,vente,3.4020759,900.0,USD,1.0,2761.86830105018,33e1f71f-aa33-40d4-8350-a5549df2b30d,False
d3d4cdf5-1d7d-4aa2-8f67-256bd95b8652,9c4d186f-1f58-43e3-a449-fe1c9637893c,ef6ac0d5-0e80-43c6-9c63-3a3760291988,2026-09-17T19:17:28.168994,BTC-USD,Bitcoin,long,vente,0.022473,5000.0,USD,1.0,-1387.63934400445,2c0bea80-d8f2-4e0a-85e2-3e6b91ef1d2e,False
5278eeb0-ec9e-4d6d-9c1c-e1c209df6841,9c4d186f-1f58-43e3-a449-fe1c9637893c,ef6ac0d5-0e80-43c6-9c63-3a3760291988,2026-09-18T08:10:07.906424,^GSPC,S&P 500,long,achat,1.0,6647.14228541858,USD,1.0,,,False
b194118d-e02f-48b5-be12-e9c2e408d443,9c4d186f-1f58-43e3-a449-fe1c9637893c,ef6ac0d5-0e80-43c6-9c63-3a3760291988,2026-09-18T08:11:58.785785,CL=F,Pétrole WTI,long,achat,6.020333,83.0518880583877,USD,2.0,,,False
e48b79b2-ed7c-4a8d-9386-4d16ad76ecdd,9c4d186f-1f58-43e3-a449-fe1c9637893c,ef6ac0d5-0e80-43c6-9c63-3a3760291988,2026-09-18T08:12:08.058718,CL=F,Pétrole WTI,long,achat,6.020964,83.0431841996565,USD,2.0,,,False
a42a787c-d438-4380-b3c6-76d800a50c32,9c4d186f-1f58-43e3-a449-fe1c9637893c,ef6ac0d5-0e80-43c6-9c63-3a3760291988,2026-09-18T08:16:48.328890,BTC-USD,Bitcoin,long,achat,0.003695,67664.0989260608,USD,1.0,,,False
c1b37bdd-4596-4c1f-9f9d-bb9d19367fe0,9c4d186f-1f58-43e3-a449-fe1c9637893c,ef6ac0d5-0e80-43c6-9c63-3a3760291988,2026-09-18T08:25:03.921266,SOL-USD,Solana,long,achat,1.298582,92.4084537289104,USD,1.0,,,False
0bce01ce-891f-4d77-bf55-1dc269d344b8,9c4d186f-1f58-43e3-a449-fe1c9637893c,ef6ac0d5-0e80-43c6-9c63-3a3760291988,2026-09-18T10:00:53.099540,CL=F,Pétrole WTI,long,vente,14.8856325,83.9065624405289,USD,1.0,-0.997794283932117,,False
42264ff1-d7af-4c07-8696-2c5d8b3ef4eb,9c4d186f-1f58-43e3-a449-fe1c9637893c,ef6ac0d5-0e80-43c6-9c63-3a3760291988,2026-09-18T10:01:43.468612,CL=F,Pétrole WTI,long,achat,7.156751,83.8369288458557,USD,2.0,,,False
4ab93f51-cdff-469d-9d81-93f0d4588443,4470854f-70c7-4827-9720-067a67ae26ec,16d370b2-263c-4eec-89f4-fca0a47ef9cf,2026-09-18T08:17:13.242812,BTC-USD,Bitcoin,short,ouverture short,0.044368,67616.7546084886,USD,3.0,,,False
29d4d229-bd43-4d72-af0f-9e1882d97c60,4470854f-70c7-4827-9720-067a67ae26ec,16d370b2-263c-4eec-89f4-fca0a47ef9cf,2026-09-18T08:17:18.988991,BTC-USD,Bitcoin,short,ouverture short,0.044308,67707.7176999757,USD,3.0,,,False
6d59e8f0-8d76-4dae-93ea-4dddb1195626,4470854f-70c7-4827-9720-067a67ae26ec,16d370b2-263c-4eec-89f4-fca0a47ef9cf,2026-09-18T08:18:10.840309,BTC-USD,Bitcoin,short,ouverture short,0.044308,67707.7176999757,USD,3.0,,,False
fdad97df-3cd0-4466-bd98-884da4d2aa68,4470854f-70c7-4827-9720-067a67ae26ec,16d370b2-263c-4eec-89f4-fca0a47ef9cf,2026-09-18T08:21:23.038309,BTC-USD,Bitcoin,short,ouverture short,0.147747,67683.086961526,USD,5.0,,,False
9741f1df-1608-4fdd-8801-9c0a32e24e69,4470854f-70c7-4827-9720-067a67ae26ec,16d370b2-263c-4eec-89f4-fca0a47ef9cf,2026-09-18T08:25:52.520842,BTC-USD,Bitcoin,short,rachat short,0.28,67857.0458340291,USD,1.0,-49.4668607178266,,False
3ce08b19-2b11-4a74-903f-924719aeb98a,4470854f-70c7-4827-9720-067a67ae26ec,16d370b2-263c-4eec-89f4-fca0a47ef9cf,2026-09-18T08:34:31.924207,BTC-USD,Bitcoin,short,rachat short,0.000731,67808.026550632,USD,1.0,-0.0933107437821505,,False
c524fdcc-5194-40ef-ab96-1e32012fc294,4470854f-70c7-4827-9720-067a67ae26ec,16d370b2-263c-4eec-89f4-fca0a47ef9cf,2026-09-18T08:39:26.620806,BTC-USD,Bitcoin,long,achat,1.326864,67829.1305825114,USD,10.0,,,False
6f073c45-4e6c-4570-a3cb-f0e21a2a398a,4470854f-70c7-4827-9720-067a67ae26ec,16d370b2-263c-4eec-89f4-fca0a47ef9cf,2026-09-18T08:39:31.519774,BTC-USD,Bitcoin,long,achat,0.140172,67804.8366226256,USD,10.0,,,False
3e9c6735-3d9e-4086-9514-e8fee8a8b516,9c4d186f-1f58-43e3-a449-fe1c9637893c,ef6ac0d5-0e80-43c6-9c63-3a3760291988,2026-09-18T10:02:46.808592,^GSPC,S&P 500,long,vente,1.0,6648.67009085265,USD,1.0,1.52780543407425,,False
ea29d92c-df91-4a62-ad8a-803603ff1f7a,4470854f-70c7-4827-9720-067a67ae26ec,16d370b2-263c-4eec-89f4-fca0a47ef9cf,2026-09-18T09:17:05.179017,BTC-USD,Bitcoin,long,vente,1.467036,68142.1113234069,USD,1.0,462.559347145442,,False
2cb4997a-3d54-44bf-8ca8-28b0d96e69ea,4470854f-70c7-4827-9720-067a67ae26ec,16d370b2-263c-4eec-89f4-fca0a47ef9cf,2026-09-18T09:18:19.561252,BTC-USD,Bitcoin,long,achat,2.933761,68171.8851820594,USD,20.0,,,False
9cfd4030-9cc5-4609-9ff0-cddd2f3e7b30,4470854f-70c7-4827-9720-067a67ae26ec,16d370b2-263c-4eec-89f4-fca0a47ef9cf,2026-09-18T09:45:28.445842,CL=F,Pétrole WTI,long,achat,86.975016,83.4722471663999,USD,20.0,,,False
2001da47-1728-45a2-92b1-b99abf10114d,4470854f-70c7-4827-9720-067a67ae26ec,16d370b2-263c-4eec-89f4-fca0a47ef9cf,2026-09-19T09:53:22.356829,BTC-USD,Bitcoin,long,vente,2.933761,70775.0333383107,USD,1.0,7637.01453803186,,False
4faff69d-a103-4a30-bdb9-638f35d902ab,4470854f-70c7-4827-9720-067a67ae26ec,16d370b2-263c-4eec-89f4-fca0a47ef9cf,2026-09-19T09:53:27.612303,BTC-USD,Bitcoin,long,achat,0.014134,70751.5189379989,USD,1.0,,,False
bdc97cd5-462c-401e-a460-aaa98b54b866,9c4d186f-1f58-43e3-a449-fe1c9637893c,ef6ac0d5-0e80-43c6-9c63-3a3760291988,2026-09-18T10:02:50.088174,^GSPC,S&P 500,long,achat,1.0,6648.67009085265,USD,1.0,,,False
8293ba60-b8e1-4048-bb56-8c95420bdcba,9c4d186f-1f58-43e3-a449-fe1c9637893c,ef6ac0d5-0e80-43c6-9c63-3a3760291988,2026-09-18T10:03:20.225832,^GSPC,S&P 500,long,vente,1.0,6648.67009085265,USD,1.0,0.0,,False
afad346f-1257-4b1a-8280-8f380b683d64,9c4d186f-1f58-43e3-a449-fe1c9637893c,ef6ac0d5-0e80-43c6-9c63-3a3760291988,2026-09-18T10:03:57.149671,GC=F,Or,long,vente,0.520552,3844.47623923855,USD,1.0,1.25060365796654,,False
77c50d45-aecd-441c-8352-826514820eae,9c4d186f-1f58-43e3-a449-fe1c9637893c,ef6ac0d5-0e80-43c6-9c63-3a3760291988,2026-09-18T14:08:45.892330,CL=F,Pétrole WTI,long,vente,3.5783755,400.0,USD,1.0,1131.35018782275,58165752-fafd-45dc-9a65-a4d5982a48ac,False
1d0da19c-3199-4b9c-a180-2a8f0605c620,9c4d186f-1f58-43e3-a449-fe1c9637893c,ef6ac0d5-0e80-43c6-9c63-3a3760291988,2026-09-18T22:09:17.208826,CL=F,Pétrole WTI,long,vente,3.5783755,83.0970901641722,USD,1.0,-2.64742061248857,,False
5d747221-aace-4773-b076-55fb5ab0a716,9c4d186f-1f58-43e3-a449-fe1c9637893c,ef6ac0d5-0e80-43c6-9c63-3a3760291988,2026-09-18T22:09:20.459959,CL=F,Pétrole WTI,long,achat,12.034116,83.0970901641722,USD,1.0,,,False
173bdbfc-0e29-4cf8-a69d-4d411cd87249,9c4d186f-1f58-43e3-a449-fe1c9637893c,ef6ac0d5-0e80-43c6-9c63-3a3760291988,2026-09-18T22:09:23.059008,CL=F,Pétrole WTI,long,achat,12.034116,83.0970901641722,USD,1.0,,,False
d167bcd1-9d98-4762-8e2a-ed6620c089cb,9c4d186f-1f58-43e3-a449-fe1c9637893c,ef6ac0d5-0e80-43c6-9c63-3a3760291988,2026-09-18T22:10:29.401131,CL=F,Pétrole WTI,long,vente,24.068232,83.0970901641722,USD,1.0,0.0,,False
55e57d69-a878-46f8-846b-4187b54cd056,9c4d186f-1f58-43e3-a449-fe1c9637893c,ef6ac0d5-0e80-43c6-9c63-3a3760291988,2026-09-18T22:12:12.693815,BTC-USD,Bitcoin,long,achat,0.05653,70759.2641381016,USD,2.0,,,False
79ae32fb-3a84-494c-ba0d-ed5eb617c5b8,827b9594-c97e-45b1-a4f9-86c2fc9be21f,0f2d96b2-d0f5-4879-bff4-afd7a7d2ece8,2026-09-17T21:58:19.144086,BTC-USD,Bitcoin,long,achat,0.015032,66522.6243808866,USD,1.0,,,False
667f7b60-ad86-440e-af01-b32e15afc143,827b9594-c97e-45b1-a4f9-86c2fc9be21f,0f2d96b2-d0f5-4879-bff4-afd7a7d2ece8,2026-09-17T22:03:21.834272,BTC-USD,Bitcoin,long,vente,0.015032,66532.6476854808,USD,1.0,0.15067031466024,,False
140d8c96-2cb3-40c7-abca-a6a12218d700,827b9594-c97e-45b1-a4f9-86c2fc9be21f,0f2d96b2-d0f5-4879-bff4-afd7a7d2ece8,2026-09-17T22:07:40.778944,BTC-USD,Bitcoin,long,achat,0.075216,66474.9711547676,USD,1.0,,,False
fcb6ab20-e5ca-4d2b-a7ff-ae43879401d4,827b9594-c97e-45b1-a4f9-86c2fc9be21f,0f2d96b2-d0f5-4879-bff4-afd7a7d2ece8,2026-09-17T22:09:03.031259,BTC-USD,Bitcoin,long,vente,0.075216,66478.2179076415,USD,1.0,0.244207764170364,,False
f266df24-3282-4319-9b63-95243f350c08,827b9594-c97e-45b1-a4f9-86c2fc9be21f,0f2d96b2-d0f5-4879-bff4-afd7a7d2ece8,2026-09-17T22:10:00.217536,BTC-USD,Bitcoin,short,ouverture short,0.075226,66466.6404760582,USD,1.0,,,False
5a62e9d9-5990-4ec4-93b4-d9a348600f85,827b9594-c97e-45b1-a4f9-86c2fc9be21f,0f2d96b2-d0f5-4879-bff4-afd7a7d2ece8,2026-09-17T22:20:55.553997,BTC-USD,Bitcoin,short,rachat short,0.037613,74000.0,USD,1.0,-283.352251774023,5ca1e2ac-f0ce-48cf-a7f8-68b3c4cd734c,False
a422fce5-3b6f-46d5-80ca-b416b7ef012c,32475e82-116e-44ef-a5f8-54ccb5186651,e6fec837-7f85-4b15-9c91-79c36a8c6482,2026-09-05T09:22:04.877906,SOL-USD,Solana USD,long,achat,20.0,88.3303240614414,USD,2.0,,,False
ec401d94-f7a4-4922-bfd2-b93305b1ea6e,32475e82-116e-44ef-a5f8-54ccb5186651,e6fec837-7f85-4b15-9c91-79c36a8c6482,2026-09-05T09:23:36.614580,NVDA,NVIDIA Corporation,long,achat,3.0,198.224775472374,USD,2.0,,,False
0ed34fe0-b511-458b-bdfe-3b340c736531,32475e82-116e-44ef-a5f8-54ccb5186651,e6fec837-7f85-4b15-9c91-79c36a8c6482,2026-09-05T10:45:38.902619,AAPL,Apple Inc.,short,ouverture short,2.0,275.33417903203,USD,1.0,,,False
78418196-e7ed-4e42-b825-fe060d74cefe,32475e82-116e-44ef-a5f8-54ccb5186651,e6fec837-7f85-4b15-9c91-79c36a8c6482,2026-09-14T11:48:00.021790,NVDA,NVIDIA Corporation,long,achat,5.291743,188.973648603413,USD,1.0,,,False
8df4f95b-8988-4834-b649-531f619f7b06,32475e82-116e-44ef-a5f8-54ccb5186651,e6fec837-7f85-4b15-9c91-79c36a8c6482,2026-09-14T11:49:19.935283,BTC-USD,Bitcoin,long,achat,0.014852,67331.2788731307,USD,1.0,,,False
d9cbec9b-e0ad-47ca-b904-b59ad1fd0946,32475e82-116e-44ef-a5f8-54ccb5186651,e6fec837-7f85-4b15-9c91-79c36a8c6482,2026-09-16T10:28:52.952948,CL=F,Pétrole WTI,long,achat,66.759327,89.8750828229799,USD,3.0,,,False
32e86150-a8c3-4268-be98-2ba600c6c1f2,32475e82-116e-44ef-a5f8-54ccb5186651,e6fec837-7f85-4b15-9c91-79c36a8c6482,2026-09-16T10:30:21.871941,CL=F,Pétrole WTI,long,achat,66.804417,89.8144210890541,USD,3.0,,,False
61b40b65-7209-4624-b21e-4931fbab838f,32475e82-116e-44ef-a5f8-54ccb5186651,e6fec837-7f85-4b15-9c91-79c36a8c6482,2026-09-17T12:25:07.144700,SOL-USD,Solana USD,long,achat,4.553911,87.8365945011901,USD,4.0,,,False
903b7294-8e97-486d-95b8-5ea5e148b755,32475e82-116e-44ef-a5f8-54ccb5186651,e6fec837-7f85-4b15-9c91-79c36a8c6482,2026-09-17T13:02:04.211776,GOOGL,Alphabet,long,achat,3.0,298.296897386885,USD,1.0,,,False
d5a83d77-22be-4f51-b605-de04beb535f1,32475e82-116e-44ef-a5f8-54ccb5186651,e6fec837-7f85-4b15-9c91-79c36a8c6482,2026-09-17T13:02:25.142551,GOOGL,Alphabet,long,achat,3.0,298.296897386885,USD,1.0,,,False
61371bf9-0b5b-4b71-9df4-39894cad1919,32475e82-116e-44ef-a5f8-54ccb5186651,e6fec837-7f85-4b15-9c91-79c36a8c6482,2026-09-18T08:28:41.686026,BTC-USD,Bitcoin,long,achat,0.005586,67826.1794264261,USD,1.0,,,False
1f30f8d4-a650-4f89-95b6-57aebf756184,32475e82-116e-44ef-a5f8-54ccb5186651,e6fec837-7f85-4b15-9c91-79c36a8c6482,2026-09-18T14:08:35.560380,BTC-USD,Bitcoin,long,vente,0.010219,67463.0,USD,1.0,-0.0361990498759751,fe9b2e99-fe3e-49dd-849f-d4dba650d2bb,False
e96ad31f-4a62-4bb6-a9a5-7cbeba165f6b,694310d5-0bba-4d74-a3dc-5c320171457f,763e1ab2-53e5-4768-8f3a-59449c070e48,2026-09-18T13:39:11.893274,SOL-USD,Solana,long,achat,11.249093,93.3408614658947,USD,1.0,,,False
6c73182f-f164-4557-a828-a82175345a3b,694310d5-0bba-4d74-a3dc-5c320171457f,763e1ab2-53e5-4768-8f3a-59449c070e48,2026-09-18T13:39:15.559319,SOL-USD,Solana,long,achat,11.249093,93.3408614658947,USD,1.0,,,False
a756fe14-337f-4c1b-98df-ad5f5db5e3ac,694310d5-0bba-4d74-a3dc-5c320171457f,763e1ab2-53e5-4768-8f3a-59449c070e48,2026-09-18T13:40:43.165424,NG=F,Gaz naturel,long,achat,590.046748,2.54217145394421,USD,2.0,,,False
25b17c2a-2061-46b8-baad-ca3ee9841ac9,694310d5-0bba-4d74-a3dc-5c320171457f,763e1ab2-53e5-4768-8f3a-59449c070e48,2026-09-18T13:41:02.407650,NG=F,Gaz naturel,long,achat,591.263766,2.53693881737576,USD,2.0,,,False
585afa28-434b-46ab-96de-d92bb57f5593,694310d5-0bba-4d74-a3dc-5c320171457f,763e1ab2-53e5-4768-8f3a-59449c070e48,2026-09-18T13:42:05.590499,GOOGL,Alphabet,long,achat,2.0,313.144951812246,USD,1.0,,,False
0f3619bc-fb21-47fd-97d0-6427c76f0929,694310d5-0bba-4d74-a3dc-5c320171457f,763e1ab2-53e5-4768-8f3a-59449c070e48,2026-09-18T13:42:44.547319,BTC-USD,Bitcoin,long,achat,0.016002,68742.7642230392,USD,1.0,,,False
b01dec90-3201-451c-a4e6-c980ff18dd89,694310d5-0bba-4d74-a3dc-5c320171457f,763e1ab2-53e5-4768-8f3a-59449c070e48,2026-09-18T13:44:06.368345,AAPL,Apple,long,achat,3.0,292.771389809204,USD,1.0,,,False
af139233-52ed-47c4-8aa2-e221b5c8e3bd,694310d5-0bba-4d74-a3dc-5c320171457f,763e1ab2-53e5-4768-8f3a-59449c070e48,2026-09-18T13:46:21.438496,^N225,Nikkei 225,long,achat,5.0,359.54829258093,JPY,1.0,,,False
6463c362-69d1-4248-a599-cc6511a73624,694310d5-0bba-4d74-a3dc-5c320171457f,763e1ab2-53e5-4768-8f3a-59449c070e48,2026-09-18T13:48:30.015594,BTC-USD,Bitcoin,long,achat,0.051666,69677.9175073933,USD,2.0,,,False
45c6f5a9-b592-4fe3-9e00-08e93afbc925,0d74b6d9-3cfc-48d8-a96a-29dd216e66c2,ca52711c-5c1d-46c2-a6ee-739b8dc3e9a3,2026-09-18T13:07:05.692313,SOL-USD,Solana USD,short,ouverture short,108.686276,92.0079364824915,USD,10.0,,,False
5235ebeb-b829-45bb-b7e8-674cdf50ae8a,0d74b6d9-3cfc-48d8-a96a-29dd216e66c2,ca52711c-5c1d-46c2-a6ee-739b8dc3e9a3,2026-09-18T13:07:18.215832,SOL-USD,Solana USD,short,ouverture short,108.717183,91.98177989637,USD,10.0,,,False
d4385f29-b533-475c-843e-abe2ef6187d6,0d74b6d9-3cfc-48d8-a96a-29dd216e66c2,ca52711c-5c1d-46c2-a6ee-739b8dc3e9a3,2026-09-18T13:18:14.225474,^GSPC,S&P 500,short,ouverture short,1.0,6659.36290790734,USD,3.0,,,False
ae86d214-4fad-4aaf-8308-c35256976178,0d74b6d9-3cfc-48d8-a96a-29dd216e66c2,ca52711c-5c1d-46c2-a6ee-739b8dc3e9a3,2026-09-18T13:18:44.727742,^GSPC,S&P 500,short,rachat short,1.0,6659.36290790734,USD,1.0,0.0,,False
7c7ec837-5c72-41e4-b461-71d87d35105a,0d74b6d9-3cfc-48d8-a96a-29dd216e66c2,ca52711c-5c1d-46c2-a6ee-739b8dc3e9a3,2026-09-18T13:19:14.540728,^GSPC,S&P 500,long,achat,3.0,6659.36290790734,USD,4.0,,,False
3c4e896b-e772-423d-accc-0bd543519e58,0d74b6d9-3cfc-48d8-a96a-29dd216e66c2,ca52711c-5c1d-46c2-a6ee-739b8dc3e9a3,2026-09-18T13:24:46.687578,ETH-USD,Ethereum USD,short,ouverture short,3.438363,2181.2702778948,USD,5.0,,,False
d03f7e53-1eaa-4073-aa7c-b5dc8c010df8,0d74b6d9-3cfc-48d8-a96a-29dd216e66c2,ca52711c-5c1d-46c2-a6ee-739b8dc3e9a3,2026-09-18T13:53:08.333482,SOL-USD,Solana USD,short,ouverture short,10.506783,95.1766095977746,USD,1.0,,,False
1e07883a-7a06-417f-bba4-d149f13218bc,0d74b6d9-3cfc-48d8-a96a-29dd216e66c2,ca52711c-5c1d-46c2-a6ee-739b8dc3e9a3,2026-09-19T13:32:28.966990,SOL-USD,Solana USD,short,rachat short,227.910242,97.0732622330074,USD,1.0,-1123.99072714873,,False
2246155b-21d1-4491-aff4-6be1ae85758b,0d74b6d9-3cfc-48d8-a96a-29dd216e66c2,ca52711c-5c1d-46c2-a6ee-739b8dc3e9a3,2026-09-19T13:32:31.572897,SOL-USD,Solana USD,short,ouverture short,10.301498,97.0732622330074,USD,1.0,,,False
193b89f9-2675-43d2-9e03-d8e4eb097f21,0d74b6d9-3cfc-48d8-a96a-29dd216e66c2,ca52711c-5c1d-46c2-a6ee-739b8dc3e9a3,2026-09-19T16:41:06.841721,SOL-USD,Solana USD,short,rachat short,5.150749,106.78,USD,1.0,-49.9969698465994,b081953c-a5eb-41f8-b2f9-72253832352a,False
21a0594a-4f39-42ce-8b40-9dd4a9c5c9f6,23ca6d4e-56c6-41b5-8c7a-905f514a5d60,0d3ed868-be07-4937-afe8-425a88f18acb,2026-09-17T14:26:01.794401,GC=F,Or,long,achat,0.260529,3838.34020964621,USD,1.0,,,False
d0d2896c-268c-434e-a5c4-9160cd0d0ea7,23ca6d4e-56c6-41b5-8c7a-905f514a5d60,0d3ed868-be07-4937-afe8-425a88f18acb,2026-09-17T14:26:07.643525,GC=F,Or,long,achat,0.260671,3836.25277465582,USD,1.0,,,False
cfff039e-fdad-4c09-91e4-8d89c4343d85,23ca6d4e-56c6-41b5-8c7a-905f514a5d60,0d3ed868-be07-4937-afe8-425a88f18acb,2026-09-17T14:26:10.375229,GC=F,Or,long,achat,0.260671,3836.25277465582,USD,1.0,,,False
6835fcc5-e1ab-4849-968b-50bc9c569de9,23ca6d4e-56c6-41b5-8c7a-905f514a5d60,0d3ed868-be07-4937-afe8-425a88f18acb,2026-09-17T14:28:25.637995,BTC-USD,Bitcoin,long,achat,0.002988,66930.0817209659,USD,1.0,,,False
91d0b02e-53ef-451a-a457-ea686c6f4321,23ca6d4e-56c6-41b5-8c7a-905f514a5d60,0d3ed868-be07-4937-afe8-425a88f18acb,2026-09-17T14:31:47.439246,NVDA,Nvidia,long,achat,2.0,191.004149453855,USD,1.0,,,False
33e9598b-7b7f-46af-accc-723587c8202d,23ca6d4e-56c6-41b5-8c7a-905f514a5d60,0d3ed868-be07-4937-afe8-425a88f18acb,2026-09-17T14:36:25.985540,IEF,Treasury 7-10 ans,long,achat,6.304119,79.3132203550613,USD,1.0,,,False
1393a507-06b0-42c8-b041-b0f15e61d394,23ca6d4e-56c6-41b5-8c7a-905f514a5d60,0d3ed868-be07-4937-afe8-425a88f18acb,2026-09-17T14:41:18.411825,USDJPY=X,USD/JPY,long,achat,574.618739,0.870142176302124,JPY,1.0,,,False
60a97a1d-5c2d-4660-83ca-8cff0080b1ca,23ca6d4e-56c6-41b5-8c7a-905f514a5d60,0d3ed868-be07-4937-afe8-425a88f18acb,2026-09-17T15:15:55.233223,XRP-USD,XRP,long,achat,17.721717,1.12855880737564,USD,20.0,,,False
adca9845-fc71-420e-87cf-304034e7881a,23ca6d4e-56c6-41b5-8c7a-905f514a5d60,0d3ed868-be07-4937-afe8-425a88f18acb,2026-09-17T15:30:29.721988,AVGO,Broadcom Inc.,long,achat,2.0,305.206689913757,USD,1.0,,,False
b42a84d8-ac9f-471e-8707-dd8006b3a92d,23ca6d4e-56c6-41b5-8c7a-905f514a5d60,0d3ed868-be07-4937-afe8-425a88f18acb,2026-09-17T15:32:14.187093,NOW,"ServiceNow, Inc.",long,achat,3.0,121.607217242126,USD,1.0,,,False
f17577a6-f737-44c8-a053-9a3975fb4497,23ca6d4e-56c6-41b5-8c7a-905f514a5d60,0d3ed868-be07-4937-afe8-425a88f18acb,2026-09-17T15:33:37.398678,CRWD,"CrowdStrike Holdings, Inc.",long,achat,3.0,214.260347162781,USD,1.0,,,False
0ee3f2d0-fa9f-4ba9-a64c-37773b79f546,23ca6d4e-56c6-41b5-8c7a-905f514a5d60,0d3ed868-be07-4937-afe8-425a88f18acb,2026-09-17T15:34:38.210198,SI=F,Argent,long,achat,8.657138,57.7558085569763,USD,1.0,,,False
f356bf3e-b77a-4583-8c10-9a2b3329aec0,23ca6d4e-56c6-41b5-8c7a-905f514a5d60,0d3ed868-be07-4937-afe8-425a88f18acb,2026-09-17T15:56:29.392846,CL=F,Pétrole WTI,long,achat,11.344918,88.1451965215683,USD,1.0,,,False
865b7eb5-4e7f-47f4-99fd-ac9abaf7f449,23ca6d4e-56c6-41b5-8c7a-905f514a5d60,0d3ed868-be07-4937-afe8-425a88f18acb,2026-09-17T16:11:55.627238,BTC-USD,Bitcoin,long,achat,0.029968,66737.1085674511,USD,1.0,,,False
3e36a0d4-8efb-4adf-b12b-d6fbff9c0fbb,23ca6d4e-56c6-41b5-8c7a-905f514a5d60,0d3ed868-be07-4937-afe8-425a88f18acb,2026-09-17T19:17:25.886477,CL=F,Pétrole WTI,long,vente,5.672459,96.96,USD,1.0,50.0016113244612,0a31d836-8eff-4fe9-9054-3dd36c35d418,False
65a3d940-1363-4c97-99e3-204f6aa81d54,23ca6d4e-56c6-41b5-8c7a-905f514a5d60,0d3ed868-be07-4937-afe8-425a88f18acb,2026-09-18T08:06:48.339809,XRP-USD,XRP,long,achat,13849.536326,1.15384368283583,USD,20.0,,,False
412ccbfd-2561-4994-899d-f8b782419507,23ca6d4e-56c6-41b5-8c7a-905f514a5d60,0d3ed868-be07-4937-afe8-425a88f18acb,2026-09-18T08:09:16.625316,CL=F,Pétrole WTI,long,achat,12.057898,82.9395921742534,USD,20.0,,,False
cd11b8ee-5dbc-4501-be59-7ed8f496a7c6,23ca6d4e-56c6-41b5-8c7a-905f514a5d60,0d3ed868-be07-4937-afe8-425a88f18acb,2026-09-18T08:16:55.318935,GC=F,Or,long,vente,0.781871,3861.42529895689,USD,1.0,19.1378293971969,,False
8fdc4d16-ad54-4eb2-bc3e-8630219f0faf,23ca6d4e-56c6-41b5-8c7a-905f514a5d60,0d3ed868-be07-4937-afe8-425a88f18acb,2026-09-18T08:19:55.876138,CL=F,Pétrole WTI,long,achat,722.439928,83.0518880583877,USD,20.0,,,False
1f59bbc2-a9b0-4b9d-b09b-2fe273cbbb96,23ca6d4e-56c6-41b5-8c7a-905f514a5d60,0d3ed868-be07-4937-afe8-425a88f18acb,2026-09-18T09:17:56.510697,XRP-USD,XRP,long,vente,13867.258043,1.16308110729879,USD,1.0,128.545840087928,,False
1af27bc3-dfbe-417e-b4d2-63afa7cdd048,23ca6d4e-56c6-41b5-8c7a-905f514a5d60,0d3ed868-be07-4937-afe8-425a88f18acb,2026-09-18T09:18:33.602836,BTC-USD,Bitcoin,long,vente,0.032956,68132.5540304193,USD,1.0,45.4116968948787,,False
ff876689-dca4-4488-8615-cae2ba309ee9,23ca6d4e-56c6-41b5-8c7a-905f514a5d60,0d3ed868-be07-4937-afe8-425a88f18acb,2026-09-18T09:19:27.324009,CL=F,Pétrole WTI,long,achat,757.808293,82.9515862406597,USD,20.0,,,False
7f82f796-8414-4d65-bab1-63c3bbb44c03,23ca6d4e-56c6-41b5-8c7a-905f514a5d60,0d3ed868-be07-4937-afe8-425a88f18acb,2026-09-18T09:21:21.827836,CRWD,"CrowdStrike Holdings, Inc.",long,vente,3.0,213.930987764606,USD,1.0,-0.988078194523553,,False
f12a546c-c66f-4bc5-8c64-403436440621,23ca6d4e-56c6-41b5-8c7a-905f514a5d60,0d3ed868-be07-4937-afe8-425a88f18acb,2026-09-18T09:21:48.398264,AVGO,Broadcom Inc.,long,vente,2.0,302.394099967518,USD,1.0,-5.62517989247829,,False
649cfa24-343a-4228-b09b-1f9349ed36c3,23ca6d4e-56c6-41b5-8c7a-905f514a5d60,0d3ed868-be07-4937-afe8-425a88f18acb,2026-09-18T09:22:18.448803,NVDA,Nvidia,long,vente,2.0,190.979335187923,USD,1.0,-0.0496285318631635,,False
20c1f2c2-c0ad-41f8-bc9e-4e4218d6febc,23ca6d4e-56c6-41b5-8c7a-905f514a5d60,0d3ed868-be07-4937-afe8-425a88f18acb,2026-09-18T09:22:44.971423,NOW,"ServiceNow, Inc.",long,vente,3.0,120.565830300566,USD,1.0,-3.12416082468083,,False
f6252504-be76-4a3f-a6e0-849898fefb69,23ca6d4e-56c6-41b5-8c7a-905f514a5d60,0d3ed868-be07-4937-afe8-425a88f18acb,2026-09-18T09:23:17.189273,SI=F,Argent,long,vente,8.657138,59.0900537564821,USD,1.0,11.5507448179594,,False
d63facb3-8e61-4771-b643-eb087dae6cc4,23ca6d4e-56c6-41b5-8c7a-905f514a5d60,0d3ed868-be07-4937-afe8-425a88f18acb,2026-09-18T09:28:05.441250,CL=F,Pétrole WTI,long,achat,614.62287,82.9777128207588,USD,20.0,,,False
30410cbd-6af4-499b-9c13-da3e774b18fa,23ca6d4e-56c6-41b5-8c7a-905f514a5d60,0d3ed868-be07-4937-afe8-425a88f18acb,2026-09-18T09:50:22.511873,CL=F,Pétrole WTI,long,vente,2112.601448,83.7934061890287,USD,1.0,1660.59409210704,,False
87c9a23a-b03b-4975-b4a7-8d452729ca78,23ca6d4e-56c6-41b5-8c7a-905f514a5d60,0d3ed868-be07-4937-afe8-425a88f18acb,2026-09-18T09:54:07.225129,XRP-USD,XRP,long,achat,187919.830231,1.16006916210831,USD,20.0,,,False
c1ee9d7b-6680-403c-9fca-489eda2040f9,23ca6d4e-56c6-41b5-8c7a-905f514a5d60,0d3ed868-be07-4937-afe8-425a88f18acb,2026-09-18T14:05:45.386066,XRP-USD,XRP,long,vente,187919.830231,1.19111419413549,USD,1.0,5833.97714806442,,False
bd86647f-321b-49a9-b517-795b62a14f7a,23ca6d4e-56c6-41b5-8c7a-905f514a5d60,0d3ed868-be07-4937-afe8-425a88f18acb,2026-09-18T14:13:31.808398,ETH-USD,Ethereum,short,ouverture short,143.56885,2228.89575233785,USD,20.0,,,False
bbac7b0e-d034-4363-963e-d980e7219b39,23ca6d4e-56c6-41b5-8c7a-905f514a5d60,0d3ed868-be07-4937-afe8-425a88f18acb,2026-09-18T14:13:39.248692,ETH-USD,Ethereum,short,ouverture short,6.625914,2231.93937280594,USD,20.0,,,False
3d83bf0b-438f-46e0-805d-51bb66788ef6,23ca6d4e-56c6-41b5-8c7a-905f514a5d60,0d3ed868-be07-4937-afe8-425a88f18acb,2026-09-18T14:21:00.027971,ETH-USD,Ethereum,short,rachat short,150.194764,2237.25229852032,USD,1.0,-1234.94271426197,,False
48f3918f-517e-4230-a913-ede809fc9d1a,23ca6d4e-56c6-41b5-8c7a-905f514a5d60,0d3ed868-be07-4937-afe8-425a88f18acb,2026-09-18T14:21:02.900756,ETH-USD,Ethereum,short,ouverture short,0.446309,2240.60239114154,USD,1.0,,,False
1dd9d307-a64f-495d-adb5-7a7e6554d366,23ca6d4e-56c6-41b5-8c7a-905f514a5d60,0d3ed868-be07-4937-afe8-425a88f18acb,2026-09-18T14:21:42.534929,ETH-USD,Ethereum,short,rachat short,0.446309,2240.60239114154,USD,1.0,0.0,,False
2a8c0ac4-aca9-45ba-bbe3-7acd310b84a6,23ca6d4e-56c6-41b5-8c7a-905f514a5d60,0d3ed868-be07-4937-afe8-425a88f18acb,2026-09-18T14:22:03.509476,ETH-USD,Ethereum,long,achat,138.26198,2242.12035859728,USD,20.0,,,False
dd168354-e8d0-401a-ad33-5d4d8acfce23,69d3e31d-9600-4b74-ad01-c4cc774299bf,2e0ac9d7-a620-4139-9c3d-58abaa18dfab,2026-09-17T15:14:55.873762,BTC-USD,Bitcoin,long,achat,0.497562,66323.3596679363,USD,10.0,,,False
394a6fce-5013-4cd2-b2d5-7b1ae35dd329,69d3e31d-9600-4b74-ad01-c4cc774299bf,2e0ac9d7-a620-4139-9c3d-58abaa18dfab,2026-09-18T17:41:36.384615,BTC-USD,Bitcoin,long,vente,0.248781,70000.0,USD,1.0,914.67825845114,adf5e284-cd8a-4261-b234-7108976dacd0,False
9f65e53b-613f-41b3-92ee-5eddc3804201,23ca6d4e-56c6-41b5-8c7a-905f514a5d60,0d3ed868-be07-4937-afe8-425a88f18acb,2026-09-18T17:56:31.224948,ETH-USD,Ethereum,long,vente,138.26198,2267.72943896797,USD,1.0,3540.76215803126,,False
bbd07e92-2fd6-457e-aa6e-7fd85f458c53,6fe80f38-30b5-446e-ad73-d22ee1fa2ad0,77d6d299-a251-46c6-a70e-fc44db99857e,2026-09-17T14:25:32.328450,SI=F,Argent,long,achat,1.729315,57.8263521122904,USD,1.0,,,False
fbf55ce7-e17b-40f2-b67f-69b0123af4e5,6fe80f38-30b5-446e-ad73-d22ee1fa2ad0,77d6d299-a251-46c6-a70e-fc44db99857e,2026-09-17T14:44:54.238285,BTC-USD,Bitcoin,long,achat,0.008246,66696.9515050296,USD,1.0,,,False
5e0b5e5e-4f28-4a70-b9a0-f8f502e977e6,6fe80f38-30b5-446e-ad73-d22ee1fa2ad0,77d6d299-a251-46c6-a70e-fc44db99857e,2026-09-17T18:56:56.530469,AAPL,Apple,long,achat,2.0,292.871324129936,USD,1.0,,,False
c51b35e8-80be-47d0-b51b-82610194f36f,6fe80f38-30b5-446e-ad73-d22ee1fa2ad0,77d6d299-a251-46c6-a70e-fc44db99857e,2026-09-17T18:57:00.910057,AAPL,Apple,long,achat,2.0,292.85824336784,USD,1.0,,,False
3858eb5c-ba77-4414-a7b1-a043691ae54b,e4ba9d21-c477-4b07-a264-00187db0e65f,24df7147-f7de-4c89-b2c3-08e6b4ec3ea6,2026-09-05T13:42:35.687743,SOL-USD,Solana,long,achat,30.0,88.5196351070308,USD,5.0,,,False
3e9759c3-eedf-4947-a580-6de5eaeaecc7,e4ba9d21-c477-4b07-a264-00187db0e65f,24df7147-f7de-4c89-b2c3-08e6b4ec3ea6,2026-09-05T13:43:57.405406,ETH-USD,Ethereum,long,achat,20.0,2113.83542292408,USD,5.0,,,False
19e808fd-aef5-4178-a78d-5ea1724d0725,e4ba9d21-c477-4b07-a264-00187db0e65f,24df7147-f7de-4c89-b2c3-08e6b4ec3ea6,2026-09-14T08:39:29.397159,BTC-USD,Bitcoin USD,long,achat,0.014848,67349.4654745972,USD,1.0,,,False
cdcb57bf-8c58-4071-b805-a3c967ae78fd,e4ba9d21-c477-4b07-a264-00187db0e65f,24df7147-f7de-4c89-b2c3-08e6b4ec3ea6,2026-09-15T19:55:14.377260,CL=F,Crude Oil Oct 26,long,achat,0.886607,91.600646853447,USD,6.0,,,False
439e7e2d-d0f1-44ad-9527-c5bc3d14f14d,6fe80f38-30b5-446e-ad73-d22ee1fa2ad0,77d6d299-a251-46c6-a70e-fc44db99857e,2026-09-17T18:58:42.266424,^N225,Nikkei 225,short,ouverture short,1.0,358.149641660275,JPY,1.0,,,False
56928574-1a21-4881-8ab2-e2e0a08de7e8,6fe80f38-30b5-446e-ad73-d22ee1fa2ad0,77d6d299-a251-46c6-a70e-fc44db99857e,2026-09-17T19:00:23.450566,BZ=F,Pétrole Brent,long,achat,10.969438,91.1623700928039,USD,1.0,,,False
f762243b-c5b2-400a-b8f8-67133757dff8,6fe80f38-30b5-446e-ad73-d22ee1fa2ad0,77d6d299-a251-46c6-a70e-fc44db99857e,2026-09-17T19:17:23.345674,^N225,Nikkei 225,short,rachat short,0.5,393.96,JPY,1.0,-17.9051791698625,ae85c1c7-d424-44aa-ba3e-0af7060f51ef,False
ab911fba-8fbe-46b8-9965-2ebf1926a27c,6fe80f38-30b5-446e-ad73-d22ee1fa2ad0,77d6d299-a251-46c6-a70e-fc44db99857e,2026-09-17T19:17:23.345762,^N225,Nikkei 225,short,rachat short,0.5,393.96,JPY,1.0,-17.9051791698625,a7b20040-4af2-428b-8291-1418a07f4128,False
da5db8dc-414b-40f9-a7ee-48e97c4e91b1,6fe80f38-30b5-446e-ad73-d22ee1fa2ad0,77d6d299-a251-46c6-a70e-fc44db99857e,2026-09-17T21:40:02.428763,EURUSD=X,EUR/USD,long,achat,500.057432,0.999885149471496,USD,1.0,,,False
08b9156d-44a0-45d8-8115-452fdfbfc486,6fe80f38-30b5-446e-ad73-d22ee1fa2ad0,77d6d299-a251-46c6-a70e-fc44db99857e,2026-09-18T12:41:15.228479,ETH-USD,Ethereum,long,achat,0.480422,2185.57861368856,USD,1.0,,,False
a79bb08c-377f-435c-bcc3-4c038eb990da,6fe80f38-30b5-446e-ad73-d22ee1fa2ad0,77d6d299-a251-46c6-a70e-fc44db99857e,2026-09-19T17:25:21.961006,AAPL,Apple,long,achat,4.0,292.533941550551,USD,1.0,,,False
b0067610-237c-4320-9406-2ffd85c3eb10,6fe80f38-30b5-446e-ad73-d22ee1fa2ad0,77d6d299-a251-46c6-a70e-fc44db99857e,2026-09-19T17:27:00.093845,IEF,Treasury 7-10 ans,short,ouverture short,12.654505,79.0232421969986,USD,1.0,,,False
9cec8e82-123d-4c04-85bb-e5a9a985c817,6fe80f38-30b5-446e-ad73-d22ee1fa2ad0,77d6d299-a251-46c6-a70e-fc44db99857e,2026-09-19T18:56:50.395567,IEF,Treasury 7-10 ans,short,rachat short,6.3272525,86.93,USD,1.0,-50.0280530759352,fbe9da05-bc9f-4e0b-849a-45a245a3eca1,False
